id,symbol,base,status,entered_at_utc,closed_at_utc,hours_held,entry,exit_price,trigger,atr,stop,target,stop_pct,target_pct,liq_price,highest,lowest,pnl_pct_margin,pnl_pct_price,pnl_usd_10_margin,pnl_usd_1_margin
KAVA_USDT-1789185600000,KAVA_USDT,KAVA,target,2026-09-12 08:45:34 UTC,2026-09-12 09:04:35 UTC,0.32,0.06714,0.06876478800000001,0.06714,0.0005416909236857165,0.06632760600000001,0.06876478800000001,1.21,2.42,0.06445440000000001,0.06877,0.06714,46.4,2.42,4.64,0.464
H_USDT-1789200000000,H_USDT,H,stopped,2026-09-12 09:11:35 UTC,2026-09-12 11:00:35 UTC,1.82,0.08985,0.08665134000000001,0.08985,0.002133132068359368,0.08665134000000001,0.09624732,3.56,7.12,0.086256,0.09054,0.08665,-73.2,-3.56,-7.32,-0.732
EIGEN_USDT-1789192800000,EIGEN_USDT,EIGEN,target,2026-09-12 07:03:31 UTC,2026-09-12 12:05:23 UTC,5.03,0.2141,0.22313502000000002,0.2141,0.0030118257655358856,0.20958249,0.22313502000000002,2.11,4.22,0.205536,0.2236,0.2141,82.4,4.22,8.24,0.824
KAVA_USDT-1789207200000,KAVA_USDT,KAVA,target,2026-09-12 12:54:51 UTC,2026-09-12 12:54:52 UTC,0,0.06855,0.070750455,0.06855,0.0007323613221982435,0.0674532,0.070750455,1.6,3.21,0.06580799999999999,0.07105,0.06855,62.2,3.21,6.22,0.622
BSB_USDT-1789203600000,BSB_USDT,BSB,target,2026-09-12 13:25:22 UTC,2026-09-12 13:25:53 UTC,0.01,0.0973,0.10213581000000001,0.0973,0.0016117765835110783,0.09488695999999999,0.10213581000000001,2.48,4.97,0.09340799999999999,0.10553,0.0973,97.4,4.97,9.74,0.974
REZ_USDT-1789200000000,REZ_USDT,REZ,target,2026-09-12 09:04:35 UTC,2026-09-12 13:40:23 UTC,4.6,0.003274,0.0034331164,0.003274,5.3085732091598536e-05,0.0031944418,0.0034331164,2.43,4.86,0.0031430399999999997,0.003444,0.003206,95.2,4.86,9.52,0.952
REZ_USDT-1789207200000,REZ_USDT,REZ,target,2026-09-12 12:18:52 UTC,2026-09-12 13:47:23 UTC,1.48,0.003279,0.0034655750999999994,0.003279,6.222883877102275e-05,0.0031855485,0.0034655750999999994,2.85,5.69,0.00314784,0.003495,0.003279,111.8,5.69,11.18,1.118
REZ_USDT-1789214400000,REZ_USDT,REZ,target,2026-09-12 13:03:23 UTC,2026-09-12 13:49:19 UTC,0.77,0.003321,0.0035006661000000004,0.003321,5.9887438899123525e-05,0.0032313330000000003,0.0035006661000000004,2.7,5.41,0.00318816,0.003515,0.003317,106.2,5.41,10.62,1.062
ORDI_USDT-1789210800000,ORDI_USDT,ORDI,target,2026-09-12 12:06:52 UTC,2026-09-12 15:09:53 UTC,3.05,4.098,4.2242184,4.098,0.042136306196370335,4.0348908,4.2242184,1.54,3.08,3.93408,4.227,4.098,59.6,3.08,5.96,0.596
PENDLE_USDT-1789192800000,PENDLE_USDT,PENDLE,target,2026-09-12 07:11:34 UTC,2026-09-12 16:27:23 UTC,9.26,2.117,2.2137469000000003,2.117,0.032219824817187145,2.0687324,2.2137469000000003,2.28,4.57,2.03232,2.214,2.111,89.4,4.57,8.94,0.894
WLFI_USDT-1789192800000,WLFI_USDT,WLFI,target,2026-09-12 07:11:34 UTC,2026-09-12 16:27:53 UTC,9.27,0.05605,0.05844894,0.05605,0.0008001329415420763,0.05485053,0.05844894,2.14,4.28,0.053808,0.05852,0.05605,83.6,4.28,8.36,0.836
LIT_USDT-1789203600000,LIT_USDT,LIT,stopped,2026-09-12 10:04:35 UTC,2026-09-12 16:37:50 UTC,6.55,4.403,4.287641399999999,4.403,0.07679358096536489,4.287641399999999,4.633276899999999,2.62,5.23,4.2268799999999995,4.43,4.286,-54.4,-2.62,-5.44,-0.544
VET_USDT-1789207200000,VET_USDT,VET,stopped,2026-09-12 12:03:23 UTC,2026-09-12 16:52:23 UTC,4.82,0.007807,0.00765086,0.007807,0.00010384177493927007,0.00765086,0.0081184993,2,3.99,0.00749472,0.00785,0.007615,-42,-2.0,-4.2,-0.42
BLESS_USDT-1789207200000,BLESS_USDT,BLESS,stopped,2026-09-12 12:46:53 UTC,2026-09-12 17:02:53 UTC,4.27,0.008482,0.0082682536,0.008482,0.00014255199818562908,0.0082682536,0.0089094928,2.52,5.04,0.008142719999999999,0.008613,0.008257,-52.4,-2.52,-5.24,-0.524
CHIP_USDT-1789221600000,CHIP_USDT,CHIP,stopped,2026-09-12 15:13:20 UTC,2026-09-12 17:06:23 UTC,1.88,0.05013,0.048681243,0.05013,0.0009663621921908696,0.048681243,0.053027514000000005,2.89,5.78,0.0481248,0.05111,0.04858,-59.8,-2.89,-5.98,-0.598
PUMP_USDT-1789203600000,PUMP_USDT,PUMP,target,2026-09-12 10:03:31 UTC,2026-09-12 17:16:53 UTC,7.22,0.003588,0.0037605828,0.003588,5.752884353643635e-05,0.0035015292,0.0037605828,2.41,4.81,0.0034444799999999998,0.003765,0.003538,94.2,4.81,9.42,0.942
PUMP_USDT-1789196400000,PUMP_USDT,PUMP,target,2026-09-12 08:21:30 UTC,2026-09-12 17:19:50 UTC,8.97,0.003591,0.0037852731,0.003591,6.472183311064122e-05,0.003494043,0.0037852731,2.7,5.41,0.00344736,0.003789,0.003538,106.2,5.41,10.62,1.062
PUMP_USDT-1789214400000,PUMP_USDT,PUMP,target,2026-09-12 14:22:23 UTC,2026-09-12 17:19:52 UTC,2.96,0.003625,0.0037982750000000003,0.003625,5.770040570357045e-05,0.0035383625,0.0037982750000000003,2.39,4.78,0.00348,0.003799,0.003605,93.6,4.78,9.36,0.936
SKY_USDT-1789203600000,SKY_USDT,SKY,stopped,2026-09-12 11:25:35 UTC,2026-09-12 17:23:23 UTC,5.96,0.06354,0.062574192,0.06354,0.0006446023889044931,0.062574192,0.065471616,1.52,3.04,0.060998399999999994,0.06406,0.06255,-32.4,-1.52,-3.24,-0.324
FET_USDT-1789196400000,FET_USDT,FET,stopped,2026-09-12 08:09:31 UTC,2026-09-12 17:25:52 UTC,9.27,0.1717,0.16857506,0.1717,0.0020810609463706273,0.16857506,0.17794987999999998,1.82,3.64,0.16483199999999998,0.172,0.1685,-38.4,-1.82,-3.84,-0.384
EIGEN_USDT-1789210800000,EIGEN_USDT,EIGEN,stopped,2026-09-12 12:06:49 UTC,2026-09-12 18:01:50 UTC,5.92,0.2215,0.2164055,0.2215,0.003395806846371135,0.2164055,0.231689,2.3,4.6,0.21264,0.2251,0.2159,-48,-2.3,-4.8,-0.48
GALA_USDT-1789196400000,GALA_USDT,GALA,stopped,2026-09-12 08:06:05 UTC,2026-09-12 18:04:53 UTC,9.98,0.001707,0.0016810536,0.001707,1.7334732451872402e-05,0.0016810536,0.0017590635,1.52,3.05,0.00163872,0.00171,0.001681,-32.4,-1.52,-3.24,-0.324
BONK_USDT-1789210800000,BONK_USDT,BONK,stopped,2026-09-12 12:31:23 UTC,2026-09-12 18:18:24 UTC,5.78,2.845e-06,2.798342e-06,2.845e-06,3.1155537345254526e-08,2.798342e-06,2.9386005e-06,1.64,3.29,2.7311999999999998e-06,2.847e-06,2.798e-06,-34.8,-1.64,-3.48,-0.348
WLD_USDT-1789225200000,WLD_USDT,WLD,stopped,2026-09-12 16:24:23 UTC,2026-09-12 18:51:24 UTC,2.45,0.4089,0.40252116,0.4089,0.004256203462640808,0.40252116,0.4216576799999999,1.56,3.12,0.39254399999999995,0.4114,0.4025,-33.2,-1.56,-3.32,-0.332
THETA_USDT-1789214400000,THETA_USDT,THETA,stopped,2026-09-12 13:19:21 UTC,2026-09-12 18:58:24 UTC,5.65,0.1923,0.18820401,0.1923,0.002733353632592896,0.18820401,0.20049198,2.13,4.26,0.184608,0.1945,0.1882,-44.6,-2.13,-4.46,-0.446
FIL_USDT-1789200000000,FIL_USDT,FIL,stopped,2026-09-12 09:06:05 UTC,2026-09-12 19:10:54 UTC,10.08,0.8146,0.80067034,0.8146,0.009309478939798905,0.80067034,0.84254078,1.71,3.43,0.7820159999999999,0.815,0.8001,-36.2,-1.71,-3.62,-0.362
OP_USDT-1789207200000,OP_USDT,OP,stopped,2026-09-12 11:07:05 UTC,2026-09-12 19:32:24 UTC,8.42,0.09736,0.095909336,0.09736,0.0009667420792584994,0.095909336,0.10026132800000001,1.49,2.98,0.0934656,0.0981,0.09589,-31.8,-1.49,-3.18,-0.318
SOL_USDT-1789207200000,SOL_USDT,SOL,stopped,2026-09-12 12:26:23 UTC,2026-09-12 19:39:24 UTC,7.22,102.21,101.35143599999999,102.21,0.5703670336058635,101.35143599999999,103.91690699999998,0.84,1.67,98.12159999999999,102.34,101.31,-18.8,-0.84,-1.88,-0.188
ESPORTS_USDT-1789225200000,ESPORTS_USDT,ESPORTS,stopped,2026-09-12 16:43:52 UTC,2026-09-12 19:41:24 UTC,2.96,0.01122,0.010965306000000001,0.01122,0.0001698848054230852,0.010965306000000001,0.011729388000000002,2.27,4.54,0.0107712,0.01123,0.01096,-47.4,-2.27,-4.74,-0.474
LTC_USDT-1789200000000,LTC_USDT,LTC,stopped,2026-09-12 10:30:05 UTC,2026-09-12 19:43:49 UTC,9.23,54.19,53.583072,54.19,0.4037614761690523,53.583072,55.403856,1.12,2.24,52.0224,54.22,53.58,-24.4,-1.12,-2.44,-0.244
JUP_USDT-1789210800000,JUP_USDT,JUP,stopped,2026-09-12 12:13:53 UTC,2026-09-12 19:43:49 UTC,7.5,0.2473,0.24282387,0.2473,0.0029829273985923425,0.24282387,0.25625226,1.81,3.62,0.23740799999999998,0.2481,0.2427,-38.2,-1.81,-3.82,-0.382
SPX_USDT-1789203600000,SPX_USDT,SPX,stopped,2026-09-12 10:05:35 UTC,2026-09-12 20:17:24 UTC,10.2,0.4974,0.48924264,0.4974,0.00543934974088295,0.48924264,0.51371472,1.64,3.28,0.477504,0.502,0.4891,-34.8,-1.64,-3.48,-0.348
FARTCOIN_USDT-1789225200000,FARTCOIN_USDT,FARTCOIN,stopped,2026-09-12 17:59:23 UTC,2026-09-12 21:18:24 UTC,3.32,0.14513,0.143112693,0.14513,0.0013478395961568383,0.143112693,0.14917912700000002,1.39,2.79,0.1393248,0.14513,0.14281,-29.8,-1.39,-2.98,-0.298
STRK_USDT-1789196400000,STRK_USDT,STRK,stopped,2026-09-12 08:21:30 UTC,2026-09-12 21:41:54 UTC,13.34,0.02925,0.028679625000000004,0.02925,0.00038106831385350566,0.028679625000000004,0.030393675,1.95,3.91,0.02808,0.02937,0.02864,-41,-1.95,-4.1,-0.41
ALGO_USDT-1789236000000,ALGO_USDT,ALGO,stopped,2026-09-12 21:09:54 UTC,2026-09-12 23:01:52 UTC,1.87,0.09372,0.092482896,0.09372,0.0008247491900678771,0.092482896,0.09619420799999999,1.32,2.64,0.0899712,0.09377,0.09236,-28.4,-1.32,-2.84,-0.284
POWR_USDT-1789254000000,POWR_USDT,POWR,target,2026-09-13 00:39:54 UTC,2026-09-13 00:40:24 UTC,0.01,0.05605,0.05817429500000001,0.05605,0.0007077547867203562,0.054990655,0.05817429500000001,1.89,3.79,0.053808,0.07047,0.05605,73.8,3.79,7.38,0.738
SAGA_USDT-1789246800000,SAGA_USDT,SAGA,target,2026-09-12 23:38:28 UTC,2026-09-13 00:50:24 UTC,1.2,0.01691,0.017763955,0.01691,0.00028466545938601396,0.016482177,0.017763955,2.53,5.05,0.0162336,0.01783,0.01691,99,5.05,9.9,0.99
HEMI_USDT-1789232400000,HEMI_USDT,HEMI,stopped,2026-09-12 18:01:52 UTC,2026-09-13 01:14:24 UTC,7.21,0.007057,0.0068361159,0.007057,0.00014709752628065315,0.0068361159,0.0074980624999999995,3.13,6.25,0.00677472,0.007377,0.006825,-64.6,-3.13,-6.46,-0.646
KAVA_USDT-1789243200000,KAVA_USDT,KAVA,target,2026-09-12 21:11:54 UTC,2026-09-13 01:18:54 UTC,4.12,0.07127,0.073899863,0.07127,0.0008770807971029859,0.069951505,0.073899863,1.85,3.69,0.0684192,0.07401,0.07127,71.8,3.69,7.18,0.718
BERA_USDT-1789236000000,BERA_USDT,BERA,target,2026-09-12 19:14:24 UTC,2026-09-13 01:22:22 UTC,6.13,0.192,0.2009088,0.192,0.00296847022773806,0.1875456,0.2009088,2.32,4.64,0.18431999999999998,0.201,0.1904,90.8,4.64,9.08,0.908
STX_USDT-1789192800000,STX_USDT,STX,target,2026-09-12 08:05:35 UTC,2026-09-13 02:16:22 UTC,18.18,0.2663,0.2761531,0.2663,0.0032858535650292413,0.26137345,0.2761531,1.85,3.7,0.255648,0.2764,0.263,72,3.7,7.2,0.72
TRUMP_USDT-1789207200000,TRUMP_USDT,TRUMP,stopped,2026-09-12 11:40:35 UTC,2026-09-13 02:25:54 UTC,14.76,2.008,1.978884,2.008,0.019472315250945577,1.978884,2.0664328,1.45,2.91,1.9276799999999998,2.025,1.978,-31,-1.45,-3.1,-0.31
PEPE_USDT-1789196400000,PEPE_USDT,PEPE,target,2026-09-12 08:07:05 UTC,2026-09-13 03:22:23 UTC,19.25,3.352e-06,3.4552415999999997e-06,3.352e-06,3.442660131933639e-08,3.3003792e-06,3.4552415999999997e-06,1.54,3.08,3.21792e-06,3.458e-06,3.352e-06,59.6,3.08,5.96,0.596
FARTCOIN_USDT-1789192800000,FARTCOIN_USDT,FARTCOIN,stopped,2026-09-12 07:13:34 UTC,2026-09-13 03:29:24 UTC,20.26,0.14511,0.142033668,0.14511,0.002048687037657483,0.142033668,0.151262664,2.12,4.24,0.13930559999999997,0.1461,0.14199,-44.4,-2.12,-4.44,-0.444
GRAM_USDT-1789210800000,GRAM_USDT,GRAM,stopped,2026-09-12 14:38:23 UTC,2026-09-13 03:40:21 UTC,13.03,1.3787,1.36642957,1.3787,0.008223740579844912,1.36642957,1.40337873,0.89,1.79,1.323552,1.3858,1.3657,-19.8,-0.89,-1.98,-0.198
COTI_USDT-1789236000000,COTI_USDT,COTI,stopped,2026-09-12 19:29:24 UTC,2026-09-13 03:42:24 UTC,8.22,0.01731,0.016832244,0.01731,0.00031843834576644525,0.016832244,0.018265511999999998,2.76,5.52,0.0166176,0.0178,0.01682,-57.2,-2.76,-5.72,-0.572
XMR_USDT-1789250400000,XMR_USDT,XMR,stopped,2026-09-12 23:03:24 UTC,2026-09-13 04:41:54 UTC,5.64,539.76,531.177816,539.76,5.716623359416356,531.177816,556.9243680000001,1.59,3.18,518.1696,544.5,531.03,-33.8,-1.59,-3.38,-0.338
VVV_USDT-1789243200000,VVV_USDT,VVV,stopped,2026-09-12 21:52:54 UTC,2026-09-13 06:43:54 UTC,8.85,24.138,23.474205,24.138,0.44323256839150044,23.474205,25.4680038,2.75,5.51,23.17248,24.6,23.473,-57,-2.75,-5.7,-0.57
AVAX_USDT-1789275600000,AVAX_USDT,AVAX,stopped,2026-09-13 06:17:24 UTC,2026-09-13 06:54:24 UTC,0.62,7.453,7.400083700000001,7.453,0.03521744351787153,7.400083700000001,7.558832600000001,0.71,1.42,7.15488,7.46,7.399,-16.2,-0.71,-1.62,-0.162
BTC_USDT-1789257600000,BTC_USDT,BTC,stopped,2026-09-13 01:23:24 UTC,2026-09-13 06:56:54 UTC,5.56,77272.3,77079.11925,77272.3,128.12827148556343,77079.11925,77658.66149999999,0.25,0.5,74181.408,77300.3,77078.7,-7,-0.25,-0.7,-0.07
PENGU_USDT-1789257600000,PENGU_USDT,PENGU,stopped,2026-09-13 01:11:24 UTC,2026-09-13 06:58:23 UTC,5.78,0.007282,0.007213549200000001,0.007282,4.554469532585897e-05,0.007213549200000001,0.0074189016,0.94,1.88,0.00699072,0.007315,0.007204,-20.8,-0.94,-2.08,-0.208
KAITO_USDT-1789257600000,KAITO_USDT,KAITO,stopped,2026-09-13 01:04:21 UTC,2026-09-13 07:52:23 UTC,6.8,0.3087,0.30610692,0.3087,0.001723692716937395,0.30610692,0.31388615999999997,0.84,1.68,0.29635199999999995,0.3093,0.3061,-18.8,-0.84,-1.88,-0.188
PYTH_USDT-1789275600000,PYTH_USDT,PYTH,stopped,2026-09-13 06:04:24 UTC,2026-09-13 07:53:24 UTC,1.82,0.05522,0.054275738,0.05522,0.000631006232827149,0.054275738,0.057114045999999995,1.71,3.43,0.053011199999999994,0.05525,0.05422,-36.2,-1.71,-3.62,-0.362
INJ_USDT-1789196400000,INJ_USDT,INJ,stopped,2026-09-12 08:05:05 UTC,2026-09-13 08:00:54 UTC,23.93,5.97,5.830899,5.97,0.09255777922156334,5.830899,6.247605,2.33,4.65,5.731199999999999,6.173,5.828,-48.6,-2.33,-4.86,-0.486
XRP_USDT-1789196400000,XRP_USDT,XRP,stopped,2026-09-12 09:16:05 UTC,2026-09-13 08:10:54 UTC,22.91,1.3693,1.355607,1.3693,0.009094671459058913,1.355607,1.39654907,1,1.99,1.314528,1.3736,1.3555,-22,-1.0,-2.2,-0.22
ZEC_USDT-1789272000000,ZEC_USDT,ZEC,stopped,2026-09-13 05:04:21 UTC,2026-09-13 08:10:54 UTC,3.11,1142.83,1126.944663,1142.83,10.615538622016192,1126.944663,1174.714957,1.39,2.79,1097.1167999999998,1153.44,1126.52,-29.8,-1.39,-2.98,-0.298
FET_USDT-1789275600000,FET_USDT,FET,stopped,2026-09-13 06:38:24 UTC,2026-09-13 08:16:54 UTC,1.64,0.1697,0.16718844,0.1697,0.0016735048901158128,0.16718844,0.17472312,1.48,2.96,0.16291199999999997,0.1699,0.1668,-31.6,-1.48,-3.16,-0.316
DOGE_USDT-1789196400000,DOGE_USDT,DOGE,stopped,2026-09-12 08:10:05 UTC,2026-09-13 08:17:24 UTC,24.12,0.08477,0.08393925399999999,0.08477,0.0005517456807697517,0.08393925399999999,0.086423015,0.98,1.95,0.0813792,0.08531,0.08393,-21.6,-0.98,-2.16,-0.216
XLM_USDT-1789196400000,XLM_USDT,XLM,stopped,2026-09-12 08:05:35 UTC,2026-09-13 08:18:24 UTC,24.21,0.18072,0.178515216,0.18072,0.0014724107240809987,0.178515216,0.185129568,1.22,2.44,0.17349119999999998,0.18258,0.17849,-26.4,-1.22,-2.64,-0.264
TAO_USDT-1789275600000,TAO_USDT,TAO,stopped,2026-09-13 06:17:24 UTC,2026-09-13 08:19:55 UTC,2.04,237.8,234.99396000000002,237.8,1.864849696337916,234.99396000000002,243.38830000000004,1.18,2.35,228.288,239.1,234.9,-25.6,-1.18,-2.56,-0.256
VET_USDT-1789268400000,VET_USDT,VET,stopped,2026-09-13 04:24:54 UTC,2026-09-13 08:20:24 UTC,3.93,0.007781,0.0076144865999999995,0.007781,0.00011109895410147626,0.0076144865999999995,0.0081140268,2.14,4.28,0.00746976,0.007992,0.007607,-44.8,-2.14,-4.48,-0.448
SHIB_USDT-1789200000000,SHIB_USDT,SHIB,stopped,2026-09-12 09:03:30 UTC,2026-09-13 08:31:25 UTC,23.47,5.274e-06,5.2101846e-06,5.274e-06,4.2464958806470336e-08,5.2101846e-06,5.4016308e-06,1.21,2.42,5.06304e-06,5.392e-06,5.208e-06,-26.2,-1.21,-2.62,-0.262
SEI_USDT-1789178400000,SEI_USDT,SEI,stopped,2026-09-12 08:12:35 UTC,2026-09-13 08:32:24 UTC,24.33,0.0449,0.044208540000000004,0.0449,0.0004596456913609513,0.044208540000000004,0.04627843,1.54,3.07,0.043104,0.04513,0.04419,-32.8,-1.54,-3.28,-0.328
AAVE_USDT-1789196400000,AAVE_USDT,AAVE,stopped,2026-09-12 08:05:35 UTC,2026-09-13 08:34:23 UTC,24.48,126.47,124.85118399999999,126.47,1.0767623447711128,124.85118399999999,129.694985,1.28,2.55,121.4112,128.02,124.76,-27.6,-1.28,-2.76,-0.276
AAVE_USDT-1789257600000,AAVE_USDT,AAVE,stopped,2026-09-13 01:20:24 UTC,2026-09-13 08:34:23 UTC,7.23,125.97,124.798479,125.97,0.7789081200837331,124.798479,128.300445,0.93,1.85,120.93119999999999,128.02,124.76,-20.6,-0.93,-2.06,-0.206
HBAR_USDT-1789264800000,HBAR_USDT,HBAR,stopped,2026-09-13 04:56:54 UTC,2026-09-13 08:44:24 UTC,3.79,0.07511,0.074644318,0.07511,0.0003104344268020362,0.074644318,0.076041364,0.62,1.24,0.07210559999999999,0.07572,0.07456,-14.4,-0.62,-1.44,-0.144
LTC_USDT-1789272000000,LTC_USDT,LTC,stopped,2026-09-13 05:13:54 UTC,2026-09-13 09:25:25 UTC,4.19,53.85,53.478435,53.85,0.24902211441755268,53.478435,54.598515000000006,0.69,1.39,51.696,54.54,53.43,-15.8,-0.69,-1.58,-0.158
BTW_USDT-1789279200000,BTW_USDT,BTW,target,2026-09-13 07:04:22 UTC,2026-09-13 09:46:53 UTC,2.71,0.555096,0.5826287616000001,0.555096,0.009185396090834068,0.5413296192,0.5826287616000001,2.48,4.96,0.5328921600000001,0.582799,0.548497,97.2,4.96,9.72,0.972
LA_USDT-1789293600000,LA_USDT,LA,target,2026-09-13 11:14:25 UTC,2026-09-13 12:06:55 UTC,0.88,0.0636,0.06614400000000001,0.0636,0.0008489428907200759,0.062328,0.06614400000000001,2,4,0.061056,0.06618,0.06355,78,4.0,7.8,0.78
GLM_USDT-1789293600000,GLM_USDT,GLM,target,2026-09-13 13:40:56 UTC,2026-09-13 13:42:55 UTC,0.03,0.1224,0.12843432,0.1224,0.0020095768068379267,0.11938896,0.12843432,2.46,4.93,0.117504,0.1288,0.1224,96.6,4.93,9.66,0.966
HBAR_USDT-1789196400000,HBAR_USDT,HBAR,target,2026-09-12 08:13:05 UTC,2026-09-13 13:49:25 UTC,29.61,0.07461,0.075826143,0.07461,0.00040617891989312585,0.073998198,0.075826143,0.82,1.63,0.0716256,0.07587,0.07426,30.6,1.63,3.06,0.306
BLUR_USDT-1789297200000,BLUR_USDT,BLUR,target,2026-09-13 13:40:56 UTC,2026-09-13 13:51:25 UTC,0.17,0.01807,0.019181305000000003,0.01807,0.00037064008368872727,0.017513444,0.019181305000000003,3.08,6.15,0.0173472,0.01939,0.01807,121,6.15,12.1,1.21
FIL_USDT-1789300800000,FIL_USDT,FIL,target,2026-09-13 13:09:25 UTC,2026-09-13 14:06:25 UTC,0.95,0.8395,0.8737516,0.8395,0.011409295990049997,0.8223742,0.8737516,2.04,4.08,0.80592,0.8756,0.8342,79.6,4.08,7.96,0.796
ZAMA_USDT-1789196400000,ZAMA_USDT,ZAMA,target,2026-09-12 08:03:30 UTC,2026-09-13 14:45:25 UTC,30.7,0.0479,0.04962919,0.0479,0.0005760572069331797,0.0470378,0.04962919,1.8,3.61,0.045984,0.04964,0.04754,70.2,3.61,7.02,0.702
BR_USDT-1789297200000,BR_USDT,BR,target,2026-09-13 15:47:25 UTC,2026-09-13 15:59:22 UTC,0.2,0.27382,0.2943565,0.27382,0.006847272762828754,0.26355175000000003,0.2943565,3.75,7.5,0.2628672,0.29453,0.27382,148,7.5,14.8,1.48
BSV_USDT-1789290000000,BSV_USDT,BSV,target,2026-09-13 13:18:25 UTC,2026-09-13 16:24:55 UTC,3.11,17.06,17.587153999999998,17.06,0.175706678686387,16.797276,17.587153999999998,1.54,3.09,16.377599999999997,17.59,17.06,59.8,3.09,5.98,0.598
WLFI_USDT-1789297200000,WLFI_USDT,WLFI,stopped,2026-09-13 12:04:52 UTC,2026-09-13 16:49:25 UTC,4.74,0.05776,0.056685664000000004,0.05776,0.0007143882341341921,0.056685664000000004,0.05990289599999999,1.86,3.71,0.055449599999999995,0.058,0.05659,-39.2,-1.86,-3.92,-0.392
SEI_USDT-1789300800000,SEI_USDT,SEI,target,2026-09-13 14:41:25 UTC,2026-09-13 17:17:22 UTC,2.6,0.04467,0.045554466,0.04467,0.00029443833336573064,0.044227767,0.045554466,0.99,1.98,0.042883199999999996,0.04556,0.04467,37.6,1.98,3.76,0.376
UB_USDT-1789311600000,UB_USDT,UB,target,2026-09-13 16:06:25 UTC,2026-09-13 17:52:19 UTC,1.77,0.12455,0.1302793,0.12455,0.0019080105709214212,0.12168535,0.1302793,2.3,4.6,0.119568,0.13033,0.12416,90,4.6,9,0.9
PENGU_USDT-1789315200000,PENGU_USDT,PENGU,stopped,2026-09-13 17:11:24 UTC,2026-09-13 22:00:50 UTC,4.82,0.00732,0.0072080040000000005,0.00732,7.464488875452048e-05,0.0072080040000000005,0.007543992,1.53,3.06,0.0070272,0.007331,0.007194,-32.6,-1.53,-3.26,-0.326
ETC_USDT-1789311600000,ETC_USDT,ETC,stopped,2026-09-13 16:07:25 UTC,2026-09-13 22:01:20 UTC,5.9,7.629,7.536689099999999,7.629,0.06158339622520355,7.536689099999999,7.8136218,1.21,2.42,7.32384,7.699,7.535,-26.2,-1.21,-2.62,-0.262
SHIB_USDT-1789322400000,SHIB_USDT,SHIB,stopped,2026-09-13 20:56:48 UTC,2026-09-13 22:02:48 UTC,1.1,5.259e-06,5.2132467e-06,5.259e-06,3.066327524831494e-08,5.2132467e-06,5.351032500000001e-06,0.87,1.75,5.04864e-06,5.261e-06,5.212e-06,-19.4,-0.87,-1.94,-0.194
AAVE_USDT-1789304400000,AAVE_USDT,AAVE,stopped,2026-09-13 14:05:23 UTC,2026-09-13 22:03:20 UTC,7.97,127.13,125.19762399999999,127.13,1.2896498828888556,125.19762399999999,130.994752,1.52,3.04,122.0448,127.67,125.14,-32.4,-1.52,-3.24,-0.324
INJ_USDT-1789308000000,INJ_USDT,INJ,stopped,2026-09-13 17:32:25 UTC,2026-09-13 22:03:20 UTC,4.52,6.194,6.0354336,6.194,0.10572269492994356,6.0354336,6.5111327999999995,2.56,5.12,5.9462399999999995,6.222,6.025,-53.2,-2.56,-5.32,-0.532
XRP_USDT-1789322400000,XRP_USDT,XRP,stopped,2026-09-13 20:48:20 UTC,2026-09-13 22:03:20 UTC,1.25,1.3597,1.34841449,1.3597,0.007533759648277204,1.34841449,1.38227102,0.83,1.66,1.3053119999999998,1.3612,1.3472,-18.6,-0.83,-1.86,-0.186
ADA_USDT-1789308000000,ADA_USDT,ADA,stopped,2026-09-13 17:12:25 UTC,2026-09-13 22:06:19 UTC,4.9,0.2081,0.2053947,0.2081,0.0018084345099838649,0.2053947,0.21353141,1.3,2.61,0.199776,0.2094,0.2052,-28,-1.3,-2.8,-0.28
APT_USDT-1789308000000,APT_USDT,APT,stopped,2026-09-13 16:38:55 UTC,2026-09-13 22:06:19 UTC,5.46,0.6059,0.5945696699999999,0.6059,0.007551145431406653,0.5945696699999999,0.6285606600000001,1.87,3.74,0.581664,0.6117,0.5941,-39.4,-1.87,-3.94,-0.394
TRUMP_USDT-1789318800000,TRUMP_USDT,TRUMP,stopped,2026-09-13 18:40:19 UTC,2026-09-13 22:06:19 UTC,3.43,1.989,1.9593639,1.989,0.019752602979121556,1.9593639,2.0482722,1.49,2.98,1.90944,1.996,1.953,-31.8,-1.49,-3.18,-0.318
FET_USDT-1789322400000,FET_USDT,FET,stopped,2026-09-13 20:24:19 UTC,2026-09-13 22:06:19 UTC,1.7,0.1722,0.16844604,0.1722,0.00250163774761495,0.16844604,0.17970792,2.18,4.36,0.165312,0.1728,0.1682,-45.6,-2.18,-4.56,-0.456
XLM_USDT-1789322400000,XLM_USDT,XLM,stopped,2026-09-13 20:48:49 UTC,2026-09-13 22:06:19 UTC,1.29,0.18027,0.178521381,0.18027,0.0011598518320897274,0.178521381,0.18374921100000002,0.97,1.93,0.1730592,0.18077,0.17806,-21.4,-0.97,-2.14,-0.214
SOL_USDT-1789326000000,SOL_USDT,SOL,stopped,2026-09-13 20:26:48 UTC,2026-09-13 22:06:19 UTC,1.66,101.29,100.48980900000001,101.29,0.5323153812281205,100.48980900000001,102.89038200000002,0.79,1.58,97.2384,101.55,100.04,-17.8,-0.79,-1.78,-0.178
XTZ_USDT-1789318800000,XTZ_USDT,XTZ,liquidated,2026-09-13 18:17:19 UTC,2026-09-13 22:08:48 UTC,3.86,0.2972,0.285312,0.2972,0.007459208321125417,0.28602528000000005,0.31957916,3.76,7.53,0.285312,0.3029,0.2841,-100,-4.0,-10,-1.0
CHZ_USDT-1789293600000,CHZ_USDT,CHZ,stopped,2026-09-13 11:47:25 UTC,2026-09-13 22:15:19 UTC,10.47,0.01487,0.014571113,0.01487,0.00019935018130279205,0.014571113,0.015467774,2.01,4.02,0.014275199999999998,0.01536,0.01455,-42.2,-2.01,-4.22,-0.422
LTC_USDT-1789311600000,LTC_USDT,LTC,stopped,2026-09-13 16:49:55 UTC,2026-09-13 22:15:19 UTC,5.42,54.52,53.854856000000005,54.52,0.4444661144195493,53.854856000000005,55.855740000000004,1.22,2.45,52.3392,55.18,53.85,-26.4,-1.22,-2.64,-0.264
ATOM_USDT-1789300800000,ATOM_USDT,ATOM,stopped,2026-09-13 13:54:55 UTC,2026-09-13 22:15:50 UTC,8.35,1.599,1.5786927,1.599,0.013578374073014198,1.5786927,1.6397745000000001,1.27,2.55,1.53504,1.613,1.578,-27.4,-1.27,-2.74,-0.274
ONDO_USDT-1789308000000,ONDO_USDT,ONDO,stopped,2026-09-13 17:52:19 UTC,2026-09-13 22:15:50 UTC,4.39,0.349,0.3450912,0.349,0.002612112440034842,0.3450912,0.35685249999999996,1.12,2.25,0.33503999999999995,0.3526,0.3446,-24.4,-1.12,-2.44,-0.244
ETH_USDT-1789315200000,ETH_USDT,ETH,stopped,2026-09-13 17:05:22 UTC,2026-09-13 22:15:50 UTC,5.17,2504.74,2483.44971,2504.74,14.138885634504394,2483.44971,2547.0701059999997,0.85,1.69,2404.5503999999996,2515.47,2481.42,-19,-0.85,-1.9,-0.19
HYPE_USDT-1789315200000,HYPE_USDT,HYPE,stopped,2026-09-13 17:11:24 UTC,2026-09-13 22:15:50 UTC,5.07,78.635,77.57342750000001,78.635,0.7058454283236786,77.57342750000001,80.7502815,1.35,2.69,75.4896,78.927,77.5,-29,-1.35,-2.9,-0.29
TAO_USDT-1789304400000,TAO_USDT,TAO,stopped,2026-09-13 14:05:23 UTC,2026-09-13 22:16:20 UTC,8.18,236.2,232.1846,236.2,2.6847596974413785,232.1846,244.25441999999998,1.7,3.41,226.75199999999998,238.1,231.9,-36,-1.7,-3.6,-0.36
OP_USDT-1789304400000,OP_USDT,OP,stopped,2026-09-13 14:05:23 UTC,2026-09-13 22:16:20 UTC,8.18,0.09657,0.094947624,0.09657,0.0010835269526172746,0.094947624,0.099824409,1.68,3.37,0.0927072,0.09888,0.09493,-35.6,-1.68,-3.56,-0.356
AVAX_USDT-1789315200000,AVAX_USDT,AVAX,stopped,2026-09-13 17:05:22 UTC,2026-09-13 22:16:20 UTC,5.18,7.392,7.3166016,7.392,0.05025912563471231,7.3166016,7.5427968000000005,1.02,2.04,7.09632,7.447,7.313,-22.4,-1.02,-2.24,-0.224
CAKE_USDT-1789322400000,CAKE_USDT,CAKE,stopped,2026-09-13 21:08:49 UTC,2026-09-13 22:16:20 UTC,1.13,2.2609,2.23037785,2.2609,0.02036209446285803,2.23037785,2.3219442999999997,1.35,2.7,2.170464,2.2845,2.2278,-29,-1.35,-2.9,-0.29
WIF_USDT-1789315200000,WIF_USDT,WIF,stopped,2026-09-13 17:05:22 UTC,2026-09-13 22:18:20 UTC,5.22,0.1904,0.18727744000000002,0.1904,0.002075857482608014,0.18727744000000002,0.19662608,1.64,3.27,0.182784,0.1928,0.1871,-34.8,-1.64,-3.48,-0.348
ERA_USDT-1789261200000,ERA_USDT,ERA,stopped,2026-09-13 02:37:24 UTC,2026-09-13 22:27:50 UTC,19.84,0.05889,0.058106763,0.05889,0.0005208113146124289,0.058106763,0.060450584999999994,1.33,2.65,0.0565344,0.06045,0.05805,-28.6,-1.33,-2.86,-0.286
VIRTUAL_USDT-1789297200000,VIRTUAL_USDT,VIRTUAL,stopped,2026-09-13 12:17:25 UTC,2026-09-13 22:27:50 UTC,10.17,0.6153,0.6058243799999999,0.6153,0.006306385054975198,0.6058243799999999,0.6341897099999999,1.54,3.07,0.590688,0.6222,0.6058,-32.8,-1.54,-3.28,-0.328
TRX_USDT-1789293600000,TRX_USDT,TRX,stopped,2026-09-13 11:16:53 UTC,2026-09-13 22:32:48 UTC,11.27,0.34023,0.33931137899999997,0.34023,0.0006166890032102656,0.33931137899999997,0.342067242,0.27,0.54,0.3266208,0.34152,0.33923,-7.4,-0.27,-0.74,-0.074
ASTER_USDT-1789297200000,ASTER_USDT,ASTER,stopped,2026-09-13 12:11:55 UTC,2026-09-13 22:32:48 UTC,10.35,0.6946,0.6870983199999999,0.6946,0.005022524993891906,0.6870983199999999,0.70967282,1.08,2.17,0.666816,0.7016,0.687,-23.6,-1.08,-2.36,-0.236
ONDO_USDT-1789315200000,ONDO_USDT,ONDO,stopped,2026-09-13 17:05:22 UTC,2026-09-13 22:56:48 UTC,5.86,0.3467,0.34260894,0.3467,0.002724653343848262,0.34260894,0.35488212,1.18,2.36,0.332832,0.3526,0.342,-25.6,-1.18,-2.56,-0.256
LIT_USDT-1789318800000,LIT_USDT,LIT,stopped,2026-09-13 20:27:19 UTC,2026-09-13 23:04:50 UTC,2.63,4.251,4.1485509,4.251,0.06839195255901316,4.1485509,4.4563233,2.41,4.83,4.08096,4.314,4.143,-50.2,-2.41,-5.02,-0.502
TAO_USDT-1789315200000,TAO_USDT,TAO,stopped,2026-09-13 17:05:22 UTC,2026-09-13 23:56:47 UTC,6.86,235,231.1225,235,2.590049497860388,231.1225,242.77849999999998,1.65,3.31,225.6,238.1,231.1,-35,-1.65,-3.5,-0.35
PROM_USDT-1789322400000,PROM_USDT,PROM,stopped,2026-09-13 20:53:49 UTC,2026-09-14 00:59:20 UTC,4.09,5.794,5.6300298,5.794,0.10949849148798857,5.6300298,6.122519799999999,2.83,5.67,5.562239999999999,5.833,5.628,-58.6,-2.83,-5.86,-0.586
PENDLE_USDT-1789344000000,PENDLE_USDT,PENDLE,target,2026-09-14 01:56:50 UTC,2026-09-14 02:30:50 UTC,0.57,2.128,2.2105664,2.128,0.027550217270007376,2.0867168,2.2105664,1.94,3.88,2.0428800000000003,2.212,2.128,75.6,3.88,7.56,0.756
VET_USDT-1789293600000,VET_USDT,VET,target,2026-09-13 11:04:51 UTC,2026-09-14 07:05:20 UTC,20.01,0.007697,0.0080810803,0.007697,0.00012790648155021553,0.0075053446999999995,0.0080810803,2.49,4.99,0.00738912,0.008109,0.007614,97.8,4.99,9.78,0.978
B_USDT-1789311600000,B_USDT,B,target,2026-09-13 16:17:23 UTC,2026-09-14 08:10:47 UTC,15.89,0.2134,0.2267375,0.2134,0.004445852756782646,0.20672058000000001,0.2267375,3.13,6.25,0.204864,0.2268,0.2122,123,6.25,12.3,1.23
PROM_USDT-1789315200000,PROM_USDT,PROM,stopped,2026-09-13 18:57:49 UTC,2026-09-14 08:16:48 UTC,13.32,5.773,5.6015419,5.773,0.11413704488045515,5.6015419,6.115338899999999,2.97,5.93,5.5420799999999995,5.833,5.601,-61.4,-2.97,-6.14,-0.614
B_USDT-1789358400000,B_USDT,B,target,2026-09-14 07:42:50 UTC,2026-09-14 08:32:20 UTC,0.83,0.2196,0.23299559999999997,0.2196,0.004466360730845487,0.21290219999999999,0.23299559999999997,3.05,6.1,0.21081599999999998,0.2336,0.2191,120,6.1,12,1.2
CAP_USDT-1789326000000,CAP_USDT,CAP,target,2026-09-13 21:27:49 UTC,2026-09-14 09:19:20 UTC,11.86,0.04729,0.049578836,0.04729,0.0007623283760089103,0.046145582,0.049578836,2.42,4.84,0.0453984,0.05011,0.0464,94.8,4.84,9.48,0.948
CAP_USDT-1789372800000,CAP_USDT,CAP,target,2026-09-14 09:04:48 UTC,2026-09-14 09:25:50 UTC,0.35,0.04852,0.050601507999999996,0.04852,0.0006945117737408641,0.04747682,0.050601507999999996,2.15,4.29,0.0465792,0.05073,0.04839,83.8,4.29,8.38,0.838
PI_USDT-1789362000000,PI_USDT,PI,stopped,2026-09-14 06:13:20 UTC,2026-09-14 09:27:20 UTC,3.23,0.0981,0.09706014,0.0981,0.0006947700012485803,0.09706014,0.10017972000000001,1.06,2.12,0.09417600000000001,0.0982,0.097,-23.2,-1.06,-2.32,-0.232
BANK_USDT-1789372800000,BANK_USDT,BANK,target,2026-09-14 09:05:50 UTC,2026-09-14 10:22:48 UTC,1.28,0.02923,0.031039337,0.02923,0.0006028180974558853,0.028326793,0.031039337,3.09,6.19,0.028060799999999997,0.03105,0.02897,121.8,6.19,12.18,1.218
BOME_USDT-1789362000000,BOME_USDT,BOME,stopped,2026-09-14 06:11:20 UTC,2026-09-14 11:34:47 UTC,5.39,0.000864,0.0008487071999999999,0.000864,1.0222418057587376e-05,0.0008487071999999999,0.000894672,1.77,3.55,0.00082944,0.0008686,0.0008485,-37.4,-1.77,-3.74,-0.374
DASH_USDT-1789372800000,DASH_USDT,DASH,stopped,2026-09-14 09:52:49 UTC,2026-09-14 13:01:20 UTC,3.14,54.41,53.321799999999996,54.41,0.7261288625437302,53.321799999999996,56.5864,2,4,52.233599999999996,54.88,53.3,-42,-2.0,-4.2,-0.42
ASTER_USDT-1789376400000,ASTER_USDT,ASTER,stopped,2026-09-14 10:46:48 UTC,2026-09-14 13:05:50 UTC,2.32,0.7,0.69258,0.7,0.004942437639479477,0.69258,0.71484,1.06,2.12,0.6719999999999999,0.7017,0.692,-23.2,-1.06,-2.32,-0.232
VVV_USDT-1789365600000,VVV_USDT,VVV,stopped,2026-09-14 07:05:20 UTC,2026-09-14 13:37:20 UTC,6.53,22.8,22.09776,22.8,0.4676240256970331,22.09776,24.202200000000005,3.08,6.15,21.887999999999998,23.268,22.073,-63.6,-3.08,-6.36,-0.636
ETHFI_USDT-1789376400000,ETHFI_USDT,ETHFI,stopped,2026-09-14 10:04:50 UTC,2026-09-14 13:55:20 UTC,3.84,0.6608,0.6389936,0.6608,0.014537411003793566,0.6389936,0.7044128000000001,3.3,6.6,0.634368,0.6659,0.6388,-68,-3.3,-6.8,-0.68
LA_USDT-1789376400000,LA_USDT,LA,target,2026-09-14 10:06:20 UTC,2026-09-14 14:57:20 UTC,4.85,0.06927,0.07364093699999999,0.06927,0.001457155530208878,0.06708106800000001,0.07364093699999999,3.16,6.31,0.0664992,0.07412,0.06849,124.2,6.31,12.42,1.242
BTC_USDT-1789358400000,BTC_USDT,BTC,target,2026-09-14 06:04:48 UTC,2026-09-14 16:18:51 UTC,10.23,77667.5,78739.3115,77667.5,358.4399872425351,77131.59425,78739.3115,0.69,1.38,74560.8,78772.1,77348.4,25.6,1.38,2.56,0.256
PEPE_USDT-1789207200000,PEPE_USDT,PEPE,target,2026-09-12 11:41:35 UTC,2026-09-14 16:19:21 UTC,52.63,3.391e-06,3.4951036999999997e-06,3.391e-06,3.46848127699499e-08,3.3391176999999998e-06,3.4951036999999997e-06,1.53,3.07,3.2553599999999995e-06,3.498e-06,3.342e-06,59.4,3.07,5.94,0.594
OP_USDT-1789390800000,OP_USDT,OP,target,2026-09-14 14:10:49 UTC,2026-09-14 16:38:51 UTC,2.47,0.09653,0.100091957,0.09653,0.0011883021150769573,0.094744195,0.100091957,1.85,3.69,0.0926688,0.10014,0.096,71.8,3.69,7.18,0.718
XRP_USDT-1789369200000,XRP_USDT,XRP,target,2026-09-14 08:26:50 UTC,2026-09-14 17:30:51 UTC,9.07,1.3899,1.42270164,1.3899,0.010936430235606557,1.3734991799999998,1.42270164,1.18,2.36,1.334304,1.4229,1.3807,45.2,2.36,4.52,0.452
PEPE_USDT-1789362000000,PEPE_USDT,PEPE,target,2026-09-14 06:04:47 UTC,2026-09-14 18:29:49 UTC,12.42,3.448e-06,3.558336e-06,3.448e-06,3.682146911828376e-08,3.392832e-06,3.558336e-06,1.6,3.2,3.3100799999999997e-06,3.56e-06,3.404e-06,62,3.2,6.2,0.62
WLFI_USDT-1789344000000,WLFI_USDT,WLFI,target,2026-09-14 02:25:50 UTC,2026-09-14 18:35:48 UTC,16.17,0.05706,0.05854356,0.05706,0.0004949957448492064,0.05631822,0.05854356,1.3,2.6,0.054777599999999996,0.05859,0.05682,50,2.6,5,0.5
TIA_USDT-1789297200000,TIA_USDT,TIA,target,2026-09-13 12:22:53 UTC,2026-09-14 18:45:21 UTC,30.37,0.3528,0.3646188,0.3528,0.00394281544106847,0.34687296,0.3646188,1.68,3.35,0.338688,0.365,0.348,65,3.35,6.5,0.65
UNI_USDT-1789398000000,UNI_USDT,UNI,target,2026-09-14 16:18:51 UTC,2026-09-14 19:13:51 UTC,2.92,6.382,6.6762102,6.382,0.098065516567692,6.235213999999999,6.6762102,2.3,4.61,6.12672,6.713,6.342,90.2,4.61,9.02,0.902
DOGS_USDT-1789200000000,DOGS_USDT,DOGS,expired,2026-09-12 09:03:30 UTC,2026-09-14 21:03:51 UTC,60.01,5.123e-05,5.156e-05,5.123e-05,1.2394429751541874e-06,4.9370351000000004e-05,5.4949298e-05,3.63,7.26,4.91808e-05,5.482e-05,5.077e-05,10.88,0.64,1.09,0.1088
ARB_USDT-1789408800000,ARB_USDT,ARB,stopped,2026-09-14 19:20:21 UTC,2026-09-14 21:10:51 UTC,1.84,0.14129,0.137602331,0.14129,0.0024573458345795167,0.137602331,0.148665338,2.61,5.22,0.1356384,0.1421,0.13745,-54.2,-2.61,-5.42,-0.542
PENDLE_USDT-1789376400000,PENDLE_USDT,PENDLE,target,2026-09-14 10:04:50 UTC,2026-09-14 21:31:51 UTC,11.45,2.3,2.4311,2.3,0.043730391666163056,2.23445,2.4311,2.85,5.7,2.2079999999999997,2.441,2.251,112,5.7,11.2,1.12
WIF_USDT-1789408800000,WIF_USDT,WIF,stopped,2026-09-14 20:17:49 UTC,2026-09-14 21:34:21 UTC,1.28,0.1942,0.19021890000000002,0.1942,0.002648422996493303,0.19021890000000002,0.20214278,2.05,4.09,0.18643200000000001,0.1952,0.1902,-43,-2.05,-4.3,-0.43
BONK_USDT-1789401600000,BONK_USDT,BONK,stopped,2026-09-14 18:20:51 UTC,2026-09-14 22:20:21 UTC,3.99,2.788e-06,2.7406039999999998e-06,2.788e-06,3.1519551040200163e-08,2.7406039999999998e-06,2.8825132e-06,1.7,3.39,2.6764799999999996e-06,2.828e-06,2.739e-06,-36,-1.7,-3.6,-0.36
FET_USDT-1789405200000,FET_USDT,FET,stopped,2026-09-14 18:08:21 UTC,2026-09-14 22:20:21 UTC,4.2,0.1711,0.16742135,0.1711,0.0024568476607445943,0.16742135,0.17847441,2.15,4.31,0.16425599999999999,0.1722,0.1673,-45,-2.15,-4.5,-0.45
APT_USDT-1789408800000,APT_USDT,APT,stopped,2026-09-14 20:15:51 UTC,2026-09-14 22:22:21 UTC,2.11,0.6024,0.5914965600000001,0.6024,0.0072630894458964685,0.5914965600000001,0.62420688,1.81,3.62,0.578304,0.6079,0.5913,-38.2,-1.81,-3.82,-0.382
PEOPLE_USDT-1789405200000,PEOPLE_USDT,PEOPLE,stopped,2026-09-14 18:48:51 UTC,2026-09-14 22:25:19 UTC,3.61,0.008046,0.0078939306,0.008046,0.00010120298291463981,0.0078939306,0.008349334199999999,1.89,3.77,0.007724159999999999,0.00823,0.007892,-39.8,-1.89,-3.98,-0.398
OP_USDT-1789408800000,OP_USDT,OP,stopped,2026-09-14 20:23:49 UTC,2026-09-14 22:47:51 UTC,2.4,0.10508,0.10211674400000001,0.10508,0.0019731942415977155,0.10211674400000001,0.11099600400000001,2.82,5.63,0.1008768,0.10508,0.10207,-58.4,-2.82,-5.84,-0.584
DASH_USDT-1789401600000,DASH_USDT,DASH,stopped,2026-09-14 17:32:21 UTC,2026-09-14 23:03:51 UTC,5.53,54.91,53.636087999999994,54.91,0.8502323454952836,53.636087999999994,57.463314999999994,2.32,4.65,52.71359999999999,56.35,53.61,-48.4,-2.32,-4.84,-0.484
TAO_USDT-1789405200000,TAO_USDT,TAO,stopped,2026-09-14 18:06:51 UTC,2026-09-14 23:14:51 UTC,5.13,236.7,232.36839,236.7,2.8872227179700682,232.36839,245.36321999999998,1.83,3.66,227.23199999999997,241.7,232.2,-38.6,-1.83,-3.86,-0.386
VELVET_USDT-1789401600000,VELVET_USDT,VELVET,stopped,2026-09-14 17:12:21 UTC,2026-09-14 23:38:21 UTC,6.43,0.05287,0.051500667,0.05287,0.0009145665319828756,0.051500667,0.055613953,2.59,5.19,0.0507552,0.05341,0.05147,-53.8,-2.59,-5.38,-0.538
DOT_USDT-1789408800000,DOT_USDT,DOT,stopped,2026-09-14 19:16:21 UTC,2026-09-14 23:52:21 UTC,4.6,1.022,1.0049326,1.022,0.011374942019901363,1.0049326,1.0561348000000002,1.67,3.34,0.98112,1.036,1.004,-35.4,-1.67,-3.54,-0.354
CAKE_USDT-1789387200000,CAKE_USDT,CAKE,stopped,2026-09-14 14:49:50 UTC,2026-09-15 00:44:49 UTC,9.92,2.3714,2.3244462799999996,2.3714,0.03125875782571543,2.3244462799999996,2.4650703000000003,1.98,3.95,2.276544,2.3983,2.3239,-41.6,-1.98,-4.16,-0.416
TRUMP_USDT-1789390800000,TRUMP_USDT,TRUMP,stopped,2026-09-14 16:19:21 UTC,2026-09-15 01:00:51 UTC,8.69,2.04,1.993488,2.04,0.030961294919081252,1.993488,2.13282,2.28,4.55,1.9584,2.062,1.984,-47.6,-2.28,-4.76,-0.476
BCH_USDT-1789401600000,BCH_USDT,BCH,stopped,2026-09-14 17:17:49 UTC,2026-09-15 01:15:21 UTC,7.96,225.72,222.356772,225.72,2.2485645109439196,222.356772,232.469028,1.49,2.99,216.69119999999998,230,222.26,-31.8,-1.49,-3.18,-0.318
ETC_USDT-1789358400000,ETC_USDT,ETC,stopped,2026-09-14 06:05:50 UTC,2026-09-15 01:31:21 UTC,19.43,7.629,7.5122763,7.629,0.07792294878271187,7.5122763,7.862447399999999,1.53,3.06,7.32384,7.758,7.51,-32.6,-1.53,-3.26,-0.326
GRAM_USDT-1789394400000,GRAM_USDT,GRAM,stopped,2026-09-14 16:57:21 UTC,2026-09-15 01:35:21 UTC,8.63,1.3592,1.34683128,1.3592,0.008244191756251249,1.34683128,1.38393744,0.91,1.82,1.304832,1.3713,1.3465,-20.2,-0.91,-2.02,-0.202
VIRTUAL_USDT-1789398000000,VIRTUAL_USDT,VIRTUAL,stopped,2026-09-14 16:18:21 UTC,2026-09-15 02:03:21 UTC,9.75,0.6246,0.6124203,0.6246,0.008114916121376402,0.6124203,0.6489594,1.95,3.9,0.599616,0.6367,0.6123,-41,-1.95,-4.1,-0.41
AR_USDT-1789380000000,AR_USDT,AR,stopped,2026-09-14 11:57:20 UTC,2026-09-15 02:38:49 UTC,14.69,2.849,2.7649545000000004,2.849,0.05602634804568626,2.7649545000000004,3.017091,2.95,5.9,2.73504,2.854,2.753,-61,-2.95,-6.1,-0.61
TIA_USDT-1789398000000,TIA_USDT,TIA,stopped,2026-09-14 16:19:21 UTC,2026-09-15 02:49:21 UTC,10.5,0.3594,0.35300267999999996,0.3594,0.00426337889944805,0.35300267999999996,0.37219464,1.78,3.56,0.345024,0.3683,0.353,-37.6,-1.78,-3.76,-0.376
BEAT_USDT-1789401600000,BEAT_USDT,BEAT,stopped,2026-09-14 17:47:47 UTC,2026-09-15 03:10:21 UTC,9.38,0.0855,0.08285805,0.0855,0.001762851366886211,0.08285805,0.09079245000000001,3.09,6.19,0.08208,0.0866,0.0828,-63.8,-3.09,-6.38,-0.638
INJ_USDT-1789398000000,INJ_USDT,INJ,stopped,2026-09-14 16:18:21 UTC,2026-09-15 03:11:51 UTC,10.89,6.267,6.0940308000000005,6.267,0.11513926619530959,6.0940308000000005,6.6123117,2.76,5.51,6.01632,6.43,6.094,-57.2,-2.76,-5.72,-0.572
ASTER_USDT-1789398000000,ASTER_USDT,ASTER,stopped,2026-09-14 16:11:17 UTC,2026-09-15 03:12:21 UTC,11.02,0.699,0.6906119999999999,0.699,0.005577002743940822,0.6906119999999999,0.7157061,1.2,2.39,0.67104,0.7098,0.6902,-26,-1.2,-2.6,-0.26
JUP_USDT-1789398000000,JUP_USDT,JUP,stopped,2026-09-14 16:17:51 UTC,2026-09-15 03:17:51 UTC,11,0.2387,0.23411695999999999,0.2387,0.003058832428735816,0.23411695999999999,0.24786608,1.92,3.84,0.229152,0.2466,0.2339,-40.4,-1.92,-4.04,-0.404
ORDI_USDT-1789394400000,ORDI_USDT,ORDI,stopped,2026-09-14 17:42:51 UTC,2026-09-15 04:33:21 UTC,10.84,4.174,4.098868,4.174,0.05012413282488341,4.098868,4.324264,1.8,3.6,4.00704,4.238,4.098,-38,-1.8,-3.8,-0.38
ORDI_USDT-1789401600000,ORDI_USDT,ORDI,stopped,2026-09-14 17:42:51 UTC,2026-09-15 04:33:21 UTC,10.84,4.174,4.0984506000000005,4.174,0.05043101532180225,4.0984506000000005,4.3250988,1.81,3.62,4.00704,4.238,4.098,-38.2,-1.81,-3.82,-0.382
TRUMP_USDT-1789362000000,TRUMP_USDT,TRUMP,stopped,2026-09-14 06:04:47 UTC,2026-09-15 04:51:02 UTC,22.77,2,1.9626,2,0.024916415837640433,1.9626,2.0748,1.87,3.74,1.92,2.062,1.962,-39.4,-1.87,-3.94,-0.394
WLD_USDT-1789398000000,WLD_USDT,WLD,stopped,2026-09-14 16:15:51 UTC,2026-09-15 05:11:02 UTC,12.92,0.3848,0.37721943999999996,0.3848,0.005065425152226624,0.37721943999999996,0.3999996,1.97,3.95,0.36940799999999996,0.399,0.377,-41.4,-1.97,-4.14,-0.414
ALGO_USDT-1789405200000,ALGO_USDT,ALGO,stopped,2026-09-14 18:22:21 UTC,2026-09-15 05:11:02 UTC,10.81,0.09694,0.0950012,0.09694,0.0012945319276280866,0.0950012,0.100827294,2,4.01,0.09306239999999999,0.09819,0.09489,-42,-2.0,-4.2,-0.42
HYPE_USDT-1789369200000,HYPE_USDT,HYPE,stopped,2026-09-14 09:53:50 UTC,2026-09-15 05:13:59 UTC,19.34,80.173,79.0265261,80.173,0.7636110383025306,79.0265261,82.4659478,1.43,2.86,76.96608,82.429,79.025,-30.6,-1.43,-3.06,-0.306
FARTCOIN_USDT-1789405200000,FARTCOIN_USDT,FARTCOIN,stopped,2026-09-14 18:06:21 UTC,2026-09-15 05:14:00 UTC,11.13,0.14461,0.14152980699999998,0.14461,0.0020490792295354515,0.14152980699999998,0.15075592499999999,2.13,4.25,0.1388256,0.14889,0.14136,-44.6,-2.13,-4.46,-0.446
CFX_USDT-1789412400000,CFX_USDT,CFX,stopped,2026-09-14 20:12:51 UTC,2026-09-15 05:14:32 UTC,9.03,0.04753,0.046945381,0.04753,0.000388565381126062,0.046945381,0.048694485,1.23,2.45,0.045628800000000004,0.04801,0.04691,-26.6,-1.23,-2.66,-0.266
SLX_USDT-1789405200000,SLX_USDT,SLX,stopped,2026-09-14 18:08:21 UTC,2026-09-15 06:54:32 UTC,12.77,0.06399,0.062678205,0.06399,0.0008757703076049866,0.062678205,0.066619989,2.05,4.11,0.0614304,0.06462,0.06267,-43,-2.05,-4.3,-0.43
PI_USDT-1789412400000,PI_USDT,PI,stopped,2026-09-14 20:10:21 UTC,2026-09-15 07:33:02 UTC,11.38,0.0979,0.09713638,0.0979,0.0005108335185694819,0.09713638,0.09943703000000001,0.78,1.57,0.093984,0.0986,0.097,-17.6,-0.78,-1.76,-0.176
SKYAI_USDT-1789448400000,SKYAI_USDT,SKYAI,stopped,2026-09-15 06:02:32 UTC,2026-09-15 07:40:32 UTC,1.63,0.05244,0.051406931999999995,0.05244,0.0006890352640582232,0.051406931999999995,0.054506136000000004,1.97,3.94,0.050342399999999995,0.05267,0.05138,-41.4,-1.97,-4.14,-0.414
WLFI_USDT-1789405200000,WLFI_USDT,WLFI,stopped,2026-09-14 18:05:48 UTC,2026-09-15 07:56:30 UTC,13.85,0.0576,0.05682816,0.0576,0.0005129080266150965,0.05682816,0.05913792,1.34,2.67,0.055296,0.05859,0.05681,-28.8,-1.34,-2.88,-0.288
CRV_USDT-1789293600000,CRV_USDT,CRV,stopped,2026-09-13 11:04:51 UTC,2026-09-15 09:21:32 UTC,46.28,0.3494,0.34111921999999995,0.3494,0.005530072306669638,0.34111921999999995,0.3659965,2.37,4.75,0.335424,0.3627,0.341,-49.4,-2.37,-4.94,-0.494
PROM_USDT-1789426800000,PROM_USDT,PROM,stopped,2026-09-15 00:02:21 UTC,2026-09-15 10:59:32 UTC,10.95,5.722,5.584099800000001,5.722,0.09200450710488267,5.584099800000001,5.997800400000001,2.41,4.82,5.49312,5.776,5.581,-50.2,-2.41,-5.02,-0.502
XLM_USDT-1789473600000,XLM_USDT,XLM,stopped,2026-09-15 13:06:33 UTC,2026-09-15 13:39:33 UTC,0.55,0.19743,0.192829881,0.19743,0.0030694904586551926,0.192829881,0.206630238,2.33,4.66,0.1895328,0.1981,0.19273,-48.6,-2.33,-4.86,-0.486
PENGU_USDT-1789473600000,PENGU_USDT,PENGU,stopped,2026-09-15 13:06:03 UTC,2026-09-15 13:39:33 UTC,0.56,0.007087,0.0069679384,0.007087,7.915656595305832e-05,0.0069679384,0.007324414500000001,1.68,3.35,0.00680352,0.00709,0.006963,-35.6,-1.68,-3.56,-0.356
EIGEN_USDT-1789473600000,EIGEN_USDT,EIGEN,stopped,2026-09-15 13:03:00 UTC,2026-09-15 13:39:33 UTC,0.61,0.2027,0.19917302,0.2027,0.0023505221713783116,0.19917302,0.20975396,1.74,3.48,0.194592,0.2039,0.1989,-36.8,-1.74,-3.68,-0.368
UNI_USDT-1789466400000,UNI_USDT,UNI,stopped,2026-09-15 11:05:02 UTC,2026-09-15 13:53:03 UTC,2.8,6.734,6.5299598,6.734,0.13589784707495423,6.5299598,7.141407,3.03,6.05,6.46464,6.828,6.518,-62.6,-3.03,-6.26,-0.626
RE_USDT-1789470000000,RE_USDT,RE,stopped,2026-09-15 12:15:03 UTC,2026-09-15 14:40:33 UTC,2.43,0.43996,0.43226070000000005,0.43996,0.00513885316067912,0.43226070000000005,0.4553586,1.75,3.5,0.4223616,0.44324,0.43194,-37,-1.75,-3.7,-0.37
WLFI_USDT-1789459200000,WLFI_USDT,WLFI,stopped,2026-09-15 09:02:29 UTC,2026-09-15 14:48:03 UTC,5.76,0.05745,0.0567606,0.05745,0.0004586069641485715,0.0567606,0.058823055000000006,1.2,2.39,0.055152,0.05779,0.05676,-26,-1.2,-2.6,-0.26
XMR_USDT-1789473600000,XMR_USDT,XMR,stopped,2026-09-15 13:03:01 UTC,2026-09-15 14:51:01 UTC,1.8,520.08,513.3189600000001,520.08,4.517819752429819,513.3189600000001,533.654088,1.3,2.61,499.27680000000004,520.14,513.04,-28,-1.3,-2.8,-0.28
PIEVERSE_USDT-1789473600000,PIEVERSE_USDT,PIEVERSE,stopped,2026-09-15 13:30:03 UTC,2026-09-15 16:31:33 UTC,3.03,1.1886,1.16043018,1.1886,0.01876978159918861,1.16043018,1.2449396400000001,2.37,4.74,1.141056,1.1968,1.1603,-49.4,-2.37,-4.94,-0.494
PIEVERSE_USDT-1789466400000,PIEVERSE_USDT,PIEVERSE,stopped,2026-09-15 11:11:32 UTC,2026-09-15 16:35:31 UTC,5.4,1.1815,1.1557433,1.1815,0.017134916330280667,1.1557433,1.23289525,2.18,4.35,1.13424,1.1968,1.1538,-45.6,-2.18,-4.56,-0.456
RE_USDT-1789401600000,RE_USDT,RE,stopped,2026-09-14 17:19:21 UTC,2026-09-15 17:14:03 UTC,23.91,0.43478,0.42591048800000003,0.43478,0.005908291753966122,0.42591048800000003,0.452519024,2.04,4.08,0.4173888,0.44324,0.42558,-42.8,-2.04,-4.28,-0.428
SKYAI_USDT-1789488000000,SKYAI_USDT,SKYAI,stopped,2026-09-15 17:28:33 UTC,2026-09-15 17:36:33 UTC,0.13,0.05273,0.051569939999999995,0.05273,0.0007741846545081766,0.051569939999999995,0.05505012,2.2,4.4,0.0506208,0.05283,0.0514,-46,-2.2,-4.6,-0.46
KAITO_USDT-1789488000000,KAITO_USDT,KAITO,stopped,2026-09-15 17:36:33 UTC,2026-09-15 18:37:03 UTC,1.01,0.2973,0.29212698000000004,0.2973,0.003440382859638777,0.29212698000000004,0.30761631,1.74,3.47,0.285408,0.2973,0.2919,-36.8,-1.74,-3.68,-0.368
ASTER_USDT-1789484400000,ASTER_USDT,ASTER,stopped,2026-09-15 17:34:03 UTC,2026-09-15 18:41:03 UTC,1.12,0.6941,0.6826473500000001,0.6941,0.007614579803296928,0.6826473500000001,0.71693589,1.65,3.29,0.666336,0.6957,0.6804,-35,-1.65,-3.5,-0.35
BOME_USDT-1789405200000,BOME_USDT,BOME,stopped,2026-09-14 18:08:51 UTC,2026-09-15 18:43:03 UTC,24.57,0.00086,0.0008456379999999999,0.00086,9.59972390803533e-06,0.0008456379999999999,0.0008888100000000001,1.67,3.35,0.0008255999999999999,0.0008736,0.0008449,-35.4,-1.67,-3.54,-0.354
EIGEN_USDT-1789484400000,EIGEN_USDT,EIGEN,stopped,2026-09-15 16:23:33 UTC,2026-09-15 18:43:03 UTC,2.33,0.2002,0.19477457999999997,0.2002,0.003614784358672086,0.19477457999999997,0.21105084,2.71,5.42,0.19219199999999997,0.2016,0.1941,-56.2,-2.71,-5.62,-0.562
BOME_USDT-1789459200000,BOME_USDT,BOME,stopped,2026-09-15 09:08:30 UTC,2026-09-15 18:46:03 UTC,9.63,0.0008565,0.00084373815,0.0008565,8.502843911788012e-06,0.00084373815,0.0008820237,1.49,2.98,0.0008222399999999999,0.0008732,0.0008404,-31.8,-1.49,-3.18,-0.318
H_USDT-1789477200000,H_USDT,H,target,2026-09-15 14:03:01 UTC,2026-09-16 00:04:07 UTC,10.02,0.08356,0.08814744399999999,0.08356,0.0015286966641184455,0.08127045599999999,0.08814744399999999,2.74,5.49,0.08021759999999999,0.08818,0.08254,107.8,5.49,10.78,1.078
ASTER_USDT-1789516800000,ASTER_USDT,ASTER,stopped,2026-09-16 01:24:04 UTC,2026-09-16 07:21:05 UTC,5.95,0.6837,0.67091481,0.6837,0.008540419589325285,0.67091481,0.70933875,1.87,3.75,0.6563519999999999,0.684,0.6707,-39.4,-1.87,-3.94,-0.394
POWR_USDT-1789513200000,POWR_USDT,POWR,stopped,2026-09-16 00:10:04 UTC,2026-09-16 07:27:35 UTC,7.29,0.06244,0.060260844,0.06244,0.0014533726529005306,0.060260844,0.06679831200000001,3.49,6.98,0.0599424,0.0637,0.06023,-71.8,-3.49,-7.18,-0.718
DGAI_USDT-1789534800000,DGAI_USDT,DGAI,liquidated,2026-09-16 06:02:32 UTC,2026-09-16 08:02:36 UTC,2,0.7625,0.732,0.7625,0.005990446632928673,0.7535025,0.780495,1.18,2.36,0.732,0.7637,0.7316,-100,-4.0,-10,-1.0
XMR_USDT-1789542000000,XMR_USDT,XMR,stopped,2026-09-16 08:16:35 UTC,2026-09-16 08:45:02 UTC,0.47,510.26,503.42251600000003,510.26,4.569470841406625,503.42251600000003,523.985994,1.34,2.69,489.84959999999995,510.64,503.29,-28.8,-1.34,-2.88,-0.288
BLESS_USDT-1789473600000,BLESS_USDT,BLESS,stopped,2026-09-15 13:12:03 UTC,2026-09-16 09:40:05 UTC,20.47,0.008922,0.0086124066,0.008922,0.00020621546064571888,0.0086124066,0.009540294599999999,3.47,6.93,0.008565119999999999,0.009441,0.008592,-71.4,-3.47,-7.14,-0.714
NEAR_USDT-1789516800000,NEAR_USDT,NEAR,target,2026-09-16 03:18:34 UTC,2026-09-16 11:57:35 UTC,8.65,2.3564,2.4812891999999995,2.3564,0.041592462253392415,2.2939553999999998,2.4812891999999995,2.65,5.3,2.2621439999999997,2.4841,2.312,104,5.3,10.4,1.04
CP_USDT-1789538400000,CP_USDT,CP,stopped,2026-09-16 07:32:32 UTC,2026-09-16 13:40:05 UTC,6.13,0.0123,0.01183752,0.0123,0.0003086744113636338,0.01183752,0.013226189999999999,3.76,7.53,0.011807999999999999,0.0125,0.01181,-77.2,-3.76,-7.72,-0.772
ZEC_USDT-1789545600000,ZEC_USDT,ZEC,target,2026-09-16 09:24:05 UTC,2026-09-16 13:46:05 UTC,4.37,1191.98,1268.3859180000002,1191.98,25.45557348260757,1153.83664,1268.3859180000002,3.2,6.41,1144.3008,1270.94,1188.43,126.2,6.41,12.62,1.262
ETHFI_USDT-1789552800000,ETHFI_USDT,ETHFI,stopped,2026-09-16 11:42:35 UTC,2026-09-16 14:04:02 UTC,2.36,0.5965,0.58343665,0.5965,0.008717892149668477,0.58343665,0.6226267000000001,2.19,4.38,0.57264,0.6016,0.5826,-45.8,-2.19,-4.58,-0.458
ATOM_USDT-1789556400000,ATOM_USDT,ATOM,stopped,2026-09-16 12:03:02 UTC,2026-09-16 14:55:35 UTC,2.88,1.507,1.4854498999999999,1.507,0.014331798569239274,1.4854498999999999,1.5499494999999999,1.43,2.85,1.4467199999999998,1.51,1.483,-30.6,-1.43,-3.06,-0.306
BANK_USDT-1789538400000,BANK_USDT,BANK,stopped,2026-09-16 08:57:35 UTC,2026-09-16 15:56:35 UTC,6.98,0.02704,0.026520832,0.02704,0.00034627816990648644,0.026520832,0.028078336000000002,1.92,3.84,0.0259584,0.02734,0.02652,-40.4,-1.92,-4.04,-0.404
HOME_USDT-1789552800000,HOME_USDT,HOME,stopped,2026-09-16 12:51:32 UTC,2026-09-16 16:08:05 UTC,3.28,0.00544,0.00532304,0.00544,7.781729578151853e-05,0.00532304,0.005673376,2.15,4.29,0.0052224,0.00557,0.00531,-45,-2.15,-4.5,-0.45
VELVET_USDT-1789506000000,VELVET_USDT,VELVET,stopped,2026-09-15 22:58:03 UTC,2026-09-16 16:09:05 UTC,17.18,0.05174,0.049861838,0.05174,0.0012510775514283899,0.049861838,0.05549115,3.63,7.25,0.049670399999999996,0.05226,0.04985,-74.6,-3.63,-7.46,-0.746
MINA_USDT-1789556400000,MINA_USDT,MINA,target,2026-09-16 12:03:03 UTC,2026-09-16 16:56:05 UTC,4.88,0.08278,0.08692727800000001,0.08278,0.0013813989300705226,0.0807105,0.08692727800000001,2.5,5.01,0.0794688,0.08699,0.08198,98.2,5.01,9.82,0.982
COTI_USDT-1789545600000,COTI_USDT,COTI,target,2026-09-16 11:59:35 UTC,2026-09-16 17:36:35 UTC,5.62,0.01674,0.017620524000000002,0.01674,0.0002934588785939309,0.016299738,0.017620524000000002,2.63,5.26,0.016070400000000002,0.01766,0.0166,103.2,5.26,10.32,1.032
COTI_USDT-1789556400000,COTI_USDT,COTI,target,2026-09-16 12:03:02 UTC,2026-09-16 17:37:06 UTC,5.57,0.01679,0.017703376,0.01679,0.0003044530833395024,0.016333312,0.017703376,2.72,5.44,0.016118399999999998,0.01782,0.0166,106.8,5.44,10.68,1.068
WLFI_USDT-1789574400000,WLFI_USDT,WLFI,stopped,2026-09-16 17:05:06 UTC,2026-09-16 17:37:35 UTC,0.54,0.05749,0.056984087999999995,0.05749,0.00033547981360647334,0.056984087999999995,0.058496075,0.88,1.75,0.0551904,0.0576,0.05694,-19.6,-0.88,-1.96,-0.196
ASTER_USDT-1789563600000,ASTER_USDT,ASTER,stopped,2026-09-16 16:47:35 UTC,2026-09-16 17:52:34 UTC,1.08,0.6822,0.67415004,0.6822,0.0053641472110541565,0.67415004,0.6982999200000001,1.18,2.36,0.654912,0.6847,0.674,-25.6,-1.18,-2.56,-0.256
HYPE_USDT-1789538400000,HYPE_USDT,HYPE,target,2026-09-16 07:03:05 UTC,2026-09-16 18:08:36 UTC,11.09,77.56,80.018652,77.56,0.820087176122944,76.326796,80.018652,1.59,3.17,74.4576,80.028,77.12,61.4,3.17,6.14,0.614
DASH_USDT-1789560000000,DASH_USDT,DASH,target,2026-09-16 13:41:35 UTC,2026-09-16 18:43:36 UTC,5.03,54.03,57.082695,54.03,1.0177916312816941,52.500951,57.082695,2.83,5.65,51.8688,57.44,52.85,111,5.65,11.1,1.11
RENDER_USDT-1789581600000,RENDER_USDT,RENDER,stopped,2026-09-16 19:08:06 UTC,2026-09-16 19:26:05 UTC,0.3,1.3288,1.3048815999999999,1.3288,0.015922124957838256,1.3048815999999999,1.37650392,1.8,3.59,1.275648,1.3288,1.3039,-38,-1.8,-3.8,-0.38
ASTER_USDT-1789556400000,ASTER_USDT,ASTER,target,2026-09-16 13:14:05 UTC,2026-09-16 22:40:06 UTC,9.43,0.6789,0.6956688299999999,0.6789,0.0055830362277347455,0.67054953,0.6956688299999999,1.23,2.47,0.6517439999999999,0.6958,0.6725,47.4,2.47,4.74,0.474
ONE_USDT-1789588800000,ONE_USDT,ONE,target,2026-09-16 23:47:32 UTC,2026-09-16 23:47:34 UTC,0,0.000655,0.000680021,0.000655,8.332776836715073e-06,0.0006424895,0.000680021,1.91,3.82,0.0006288,0.000966,0.000655,74.4,3.82,7.44,0.744
CAKE_USDT-1789585200000,CAKE_USDT,CAKE,target,2026-09-16 20:21:36 UTC,2026-09-17 00:21:06 UTC,3.99,2.2433,2.32002086,2.2433,0.025583745367813503,2.20493957,2.32002086,1.71,3.42,2.153568,2.3211,2.2379,66.4,3.42,6.64,0.664
WLFI_USDT-1789513200000,WLFI_USDT,WLFI,target,2026-09-16 00:06:34 UTC,2026-09-17 00:23:06 UTC,24.28,0.05714,0.05842565,0.05714,0.00042832231251464694,0.056500032000000006,0.05842565,1.12,2.25,0.054854400000000005,0.05844,0.05668,43,2.25,4.3,0.43
WLFI_USDT-1789588800000,WLFI_USDT,WLFI,target,2026-09-16 21:05:03 UTC,2026-09-17 00:25:34 UTC,3.34,0.0572,0.05853276,0.0572,0.00044337854728719714,0.05653648,0.05853276,1.16,2.33,0.054911999999999996,0.05861,0.05719,44.6,2.33,4.46,0.446
BOME_USDT-1789538400000,BOME_USDT,BOME,target,2026-09-16 07:02:33 UTC,2026-09-17 00:32:06 UTC,17.49,0.0008668,0.00090745292,0.0008668,1.3564804114278789e-05,0.0008464302000000001,0.00090745292,2.35,4.69,0.000832128,0.0009085,0.0008478,91.8,4.69,9.18,0.918
ZRO_USDT-1789570800000,ZRO_USDT,ZRO,target,2026-09-16 16:04:36 UTC,2026-09-17 02:39:36 UTC,10.58,0.969,1.011636,0.969,0.014201521456429108,0.9476819999999999,1.011636,2.2,4.4,0.93024,1.013,0.963,86,4.4,8.6,0.86
ALGO_USDT-1789578000000,ALGO_USDT,ALGO,target,2026-09-16 18:05:03 UTC,2026-09-17 03:28:36 UTC,9.39,0.08713,0.09071104299999999,0.08713,0.001193535994657026,0.085343835,0.09071104299999999,2.05,4.11,0.08364479999999999,0.09079,0.08574,80.2,4.11,8.02,0.802
CRV_USDT-1789599600000,CRV_USDT,CRV,stopped,2026-09-17 01:44:04 UTC,2026-09-17 04:29:36 UTC,2.76,0.3217,0.31159862,0.3217,0.006731982784321095,0.31159862,0.34190276,3.14,6.28,0.308832,0.3237,0.3114,-64.8,-3.14,-6.48,-0.648
PEOPLE_USDT-1789588800000,PEOPLE_USDT,PEOPLE,target,2026-09-16 23:21:36 UTC,2026-09-17 04:40:06 UTC,5.31,0.007533,0.0079111566,0.007533,0.00012612570424127336,0.0073439217,0.0079111566,2.51,5.02,0.00723168,0.007919,0.007533,98.4,5.02,9.84,0.984
ZAMA_USDT-1789592400000,ZAMA_USDT,ZAMA,target,2026-09-16 23:18:06 UTC,2026-09-17 05:22:06 UTC,6.07,0.04757,0.049620266999999996,0.04757,0.0006826931059338468,0.046547245,0.049620266999999996,2.15,4.31,0.0456672,0.04995,0.0475,84.2,4.31,8.42,0.842
BONK_USDT-1789585200000,BONK_USDT,BONK,target,2026-09-16 20:06:06 UTC,2026-09-17 06:53:06 UTC,10.78,2.584e-06,2.7126832000000003e-06,2.584e-06,4.286974444529205e-08,2.5196584e-06,2.7126832000000003e-06,2.49,4.98,2.4806400000000003e-06,2.714e-06,2.571e-06,97.6,4.98,9.76,0.976
PENGU_USDT-1789588800000,PENGU_USDT,PENGU,target,2026-09-16 23:24:06 UTC,2026-09-17 07:08:34 UTC,7.74,0.00695,0.007274564999999999,0.00695,0.00010815541298374006,0.006788064999999999,0.007274564999999999,2.33,4.67,0.006671999999999999,0.007283,0.006946,91.4,4.67,9.14,0.914
APT_USDT-1789588800000,APT_USDT,APT,target,2026-09-16 23:20:36 UTC,2026-09-17 07:09:36 UTC,7.82,0.5469,0.57254961,0.5469,0.0085557249746997,0.5340478500000001,0.57254961,2.35,4.69,0.525024,0.5727,0.5469,91.8,4.69,9.18,0.918
UB_USDT-1789599600000,UB_USDT,UB,target,2026-09-17 02:00:06 UTC,2026-09-17 07:57:37 UTC,5.96,0.1291,0.13454802,0.1291,0.0018162907485738044,0.12637599,0.13454802,2.11,4.22,0.12393599999999999,0.13471,0.12857,82.4,4.22,8.24,0.824
US_USDT-1789470000000,US_USDT,US,stopped,2026-09-15 12:05:03 UTC,2026-09-17 08:01:37 UTC,43.94,0.015932,0.015465192400000001,0.015932,0.00031072333558175845,0.015465192400000001,0.016864022000000003,2.93,5.85,0.015294720000000001,0.016796,0.015463,-60.6,-2.93,-6.06,-0.606
FARTCOIN_USDT-1789592400000,FARTCOIN_USDT,FARTCOIN,target,2026-09-16 23:39:36 UTC,2026-09-17 08:17:37 UTC,8.63,0.13733,0.145487402,0.13733,0.0027179767317401745,0.13325129900000002,0.145487402,2.97,5.94,0.1318368,0.1455,0.1371,116.8,5.94,11.68,1.168
COTI_USDT-1789624800000,COTI_USDT,COTI,target,2026-09-17 07:11:06 UTC,2026-09-17 08:55:06 UTC,1.73,0.01783,0.019103061999999997,0.01783,0.00042436215808328964,0.017193469,0.019103061999999997,3.57,7.14,0.017116799999999998,0.01913,0.01777,140.8,7.14,14.08,1.408
BCH_USDT-1789592400000,BCH_USDT,BCH,target,2026-09-16 23:18:06 UTC,2026-09-17 09:05:07 UTC,9.78,218.81,225.96508699999998,218.81,2.3851395626321454,215.221516,225.96508699999998,1.64,3.27,210.0576,226.23,218.81,63.4,3.27,6.34,0.634
HYPE_USDT-1789516800000,HYPE_USDT,HYPE,target,2026-09-16 01:02:31 UTC,2026-09-17 09:09:05 UTC,32.11,77.405,80.5708645,77.405,1.0563851282546313,75.81819750000001,80.5708645,2.05,4.09,74.3088,80.678,76.694,79.8,4.09,7.98,0.798
FARTCOIN_USDT-1789599600000,FARTCOIN_USDT,FARTCOIN,target,2026-09-17 00:19:36 UTC,2026-09-17 09:15:04 UTC,8.92,0.13813,0.146818377,0.13813,0.002894746967395938,0.133792718,0.146818377,3.14,6.29,0.1326048,0.14684,0.1371,123.8,6.29,12.38,1.238
GALA_USDT-1789599600000,GALA_USDT,GALA,target,2026-09-17 00:06:12 UTC,2026-09-17 09:36:37 UTC,9.51,0.001636,0.0017110924000000001,0.001636,2.5022033872151583e-05,0.0015985356,0.0017110924000000001,2.29,4.59,0.00157056,0.001715,0.001635,89.8,4.59,8.98,0.898
POWR_USDT-1789563600000,POWR_USDT,POWR,stopped,2026-09-16 14:29:05 UTC,2026-09-17 09:49:37 UTC,19.34,0.06233,0.059967693,0.06233,0.0015747360310092193,0.059967693,0.06705461400000001,3.79,7.58,0.0598368,0.06441,0.05987,-77.8,-3.79,-7.78,-0.778
JUP_USDT-1789585200000,JUP_USDT,JUP,target,2026-09-16 20:05:36 UTC,2026-09-17 09:49:37 UTC,13.73,0.215,0.22704000000000002,0.215,0.004016666480213306,0.20898,0.22704000000000002,2.8,5.6,0.2064,0.2275,0.2119,110,5.6,11,1.1
BIO_USDT-1789632000000,BIO_USDT,BIO,stopped,2026-09-17 09:03:05 UTC,2026-09-17 10:34:35 UTC,1.52,0.02537,0.024943784,0.02537,0.00028398361861180644,0.024943784,0.026222432,1.68,3.36,0.0243552,0.02539,0.02493,-35.6,-1.68,-3.56,-0.356
MTL_USDT-1789592400000,MTL_USDT,MTL,stopped,2026-09-16 22:25:06 UTC,2026-09-17 10:34:35 UTC,12.16,0.2849,0.27501397,0.2849,0.0065932243624117,0.27501397,0.30467205999999997,3.47,6.94,0.27350399999999997,0.2926,0.2738,-71.4,-3.47,-7.14,-0.714
FET_USDT-1789585200000,FET_USDT,FET,target,2026-09-16 20:05:36 UTC,2026-09-17 12:29:05 UTC,16.39,0.1531,0.16064783,0.1531,0.002515508959031701,0.14933374000000002,0.16064783,2.46,4.93,0.146976,0.1609,0.1529,96.6,4.93,9.66,0.966
AVAX_USDT-1789585200000,AVAX_USDT,AVAX,target,2026-09-16 20:05:36 UTC,2026-09-17 12:31:07 UTC,16.43,7.357,7.6122879,7.357,0.08497706978018404,7.229723900000001,7.6122879,1.73,3.47,7.06272,7.624,7.328,67.4,3.47,6.74,0.674
LTC_USDT-1789588800000,LTC_USDT,LTC,target,2026-09-16 23:31:06 UTC,2026-09-17 12:31:07 UTC,13,51.4,53.03966,51.4,0.5470614510923818,50.5776,53.03966,1.6,3.19,49.343999999999994,53.08,51.4,61.8,3.19,6.18,0.618
HYPE_USDT-1789628400000,HYPE_USDT,HYPE,target,2026-09-17 08:03:05 UTC,2026-09-17 13:03:37 UTC,5.01,79.588,81.97564,79.588,0.7947419528536228,78.39417999999999,81.97564,1.5,3,76.40447999999999,82.018,79.362,58,3.0,5.8,0.58
PEPE_USDT-1789592400000,PEPE_USDT,PEPE,target,2026-09-16 23:20:36 UTC,2026-09-17 13:23:04 UTC,14.04,3.387e-06,3.5282379e-06,3.387e-06,4.706644216365458e-08,3.3165504e-06,3.5282379e-06,2.08,4.17,3.25152e-06,3.541e-06,3.386e-06,81.4,4.17,8.14,0.814
UB_USDT-1789628400000,UB_USDT,UB,stopped,2026-09-17 09:24:37 UTC,2026-09-17 13:29:37 UTC,4.08,0.13528,0.13223620000000003,0.13528,0.0020277637546314434,0.13223620000000003,0.1413676,2.25,4.5,0.1298688,0.13735,0.13222,-47,-2.25,-4.7,-0.47
SEI_USDT-1789635600000,SEI_USDT,SEI,stopped,2026-09-17 12:14:37 UTC,2026-09-17 13:38:07 UTC,1.39,0.04362,0.043231781999999996,0.04362,0.000260263118459789,0.043231781999999996,0.044400798,0.89,1.79,0.041875199999999994,0.04373,0.04321,-19.8,-0.89,-1.98,-0.198
VIRTUAL_USDT-1789642800000,VIRTUAL_USDT,VIRTUAL,stopped,2026-09-17 12:04:35 UTC,2026-09-17 13:38:37 UTC,1.57,0.6122,0.60313944,0.6122,0.006025062488640923,0.60313944,0.6302599,1.48,2.95,0.5877119999999999,0.6175,0.6029,-31.6,-1.48,-3.16,-0.316
BANK_USDT-1789592400000,BANK_USDT,BANK,target,2026-09-16 22:56:06 UTC,2026-09-17 14:08:07 UTC,15.2,0.02706,0.027934038,0.02706,0.00029151713561524455,0.026621628,0.027934038,1.62,3.23,0.0259776,0.02794,0.02699,62.6,3.23,6.26,0.626
SHIB_USDT-1789592400000,SHIB_USDT,SHIB,target,2026-09-16 23:20:06 UTC,2026-09-17 14:12:07 UTC,14.87,4.935e-06,5.115621e-06,4.935e-06,6.016414496321682e-08,4.8446895e-06,5.115621e-06,1.83,3.66,4.7376e-06,5.116e-06,4.935e-06,71.2,3.66,7.12,0.712
LINK_USDT-1789585200000,LINK_USDT,LINK,target,2026-09-16 20:05:05 UTC,2026-09-17 14:15:37 UTC,18.18,10.953,11.384548200000001,10.953,0.1437292099260554,10.737225899999999,11.384548200000001,1.97,3.94,10.51488,11.386,10.85,76.8,3.94,7.68,0.768
BCH_USDT-1789650000000,BCH_USDT,BCH,target,2026-09-17 14:13:07 UTC,2026-09-17 14:23:40 UTC,0.18,227.92,235.39577599999998,227.92,2.4886059564753564,224.182112,235.39577599999998,1.64,3.28,218.80319999999998,239.92,227.92,63.6,3.28,6.36,0.636
BSV_USDT-1789632000000,BSV_USDT,BSV,target,2026-09-17 10:28:34 UTC,2026-09-17 14:24:07 UTC,3.93,16.14,16.401468,16.14,0.08699803936860222,16.009266,16.401468,0.81,1.62,15.4944,16.41,16.08,30.4,1.62,3.04,0.304
RAVE_USDT-1789628400000,RAVE_USDT,RAVE,target,2026-09-17 10:10:08 UTC,2026-09-17 14:36:37 UTC,4.44,0.1709,0.17848796,0.1709,0.0025293940151713493,0.16710602,0.17848796,2.22,4.44,0.164064,0.1795,0.17,86.8,4.44,8.68,0.868
FLOCK_USDT-1789646400000,FLOCK_USDT,FLOCK,target,2026-09-17 13:20:37 UTC,2026-09-17 14:36:37 UTC,1.27,0.06876,0.073043748,0.06876,0.0014269091917923007,0.066621564,0.073043748,3.11,6.23,0.0660096,0.07339,0.06853,122.6,6.23,12.26,1.226
HBAR_USDT-1789632000000,HBAR_USDT,HBAR,target,2026-09-17 09:03:04 UTC,2026-09-17 14:45:37 UTC,5.71,0.07416,0.07616231999999999,0.07416,0.000666788649045694,0.07315884,0.07616231999999999,1.35,2.7,0.0711936,0.07632,0.07395,52,2.7,5.2,0.52
KAITO_USDT-1789650000000,KAITO_USDT,KAITO,stopped,2026-09-17 14:11:34 UTC,2026-09-17 15:09:37 UTC,0.97,0.2972,0.2936336,0.2972,0.002382745369543364,0.2936336,0.30436252,1.2,2.41,0.285312,0.2981,0.2935,-26,-1.2,-2.6,-0.26
AVAX_USDT-1789646400000,AVAX_USDT,AVAX,stopped,2026-09-17 14:21:37 UTC,2026-09-17 15:25:06 UTC,1.06,7.633,7.5322444,7.633,0.06717971388619698,7.5322444,7.8345112,1.32,2.64,7.32768,7.643,7.53,-28.4,-1.32,-2.84,-0.284
HOME_USDT-1789498800000,HOME_USDT,HOME,target,2026-09-15 21:35:03 UTC,2026-09-17 15:35:07 UTC,42,0.00528,0.005583072,0.00528,0.00010103630559615202,0.005128464,0.005583072,2.87,5.74,0.0050688,0.00559,0.00521,112.8,5.74,11.28,1.128
FIL_USDT-1789642800000,FIL_USDT,FIL,target,2026-09-17 12:08:37 UTC,2026-09-17 15:37:05 UTC,3.47,0.803,0.8292581,0.803,0.008750096330189827,0.7899111000000001,0.8292581,1.63,3.27,0.77088,0.8308,0.8029,63.4,3.27,6.34,0.634
SHIB_USDT-1789632000000,SHIB_USDT,SHIB,target,2026-09-17 09:06:37 UTC,2026-09-17 16:11:37 UTC,7.08,5.048e-06,5.186820000000001e-06,5.048e-06,4.6309946928820164e-08,4.9783375999999994e-06,5.186820000000001e-06,1.38,2.75,4.8460799999999995e-06,5.187e-06,5.008e-06,53,2.75,5.3,0.53
MINA_USDT-1789632000000,MINA_USDT,MINA,target,2026-09-17 09:03:04 UTC,2026-09-17 16:13:34 UTC,7.17,0.09257,0.09879996099999999,0.09257,0.0020777266932200658,0.089450391,0.09879996099999999,3.37,6.73,0.0888672,0.09884,0.09142,132.6,6.73,13.26,1.326
ATOM_USDT-1789592400000,ATOM_USDT,ATOM,target,2026-09-16 23:21:06 UTC,2026-09-17 16:40:38 UTC,17.33,1.502,1.5608783999999998,1.502,0.019648706630321255,1.4725608000000001,1.5608783999999998,1.96,3.92,1.4419199999999999,1.563,1.5,76.4,3.92,7.64,0.764
UNI_USDT-1789646400000,UNI_USDT,UNI,target,2026-09-17 13:14:37 UTC,2026-09-17 16:50:07 UTC,3.59,6.998,7.473164200000001,6.998,0.1583979388232756,6.760068,7.473164200000001,3.4,6.79,6.71808,7.487,6.963,133.8,6.79,13.38,1.338
PYTH_USDT-1789650000000,PYTH_USDT,PYTH,target,2026-09-17 16:07:36 UTC,2026-09-17 16:51:37 UTC,0.73,0.0546,0.05647824,0.0546,0.0006269350752499596,0.05366088,0.05647824,1.72,3.44,0.052416,0.05654,0.0546,66.8,3.44,6.68,0.668
AAVE_USDT-1789628400000,AAVE_USDT,AAVE,target,2026-09-17 08:52:07 UTC,2026-09-17 17:03:07 UTC,8.18,123.91,128.66814399999998,123.91,1.5873319919152558,121.530928,128.66814399999998,1.92,3.84,118.9536,128.76,121.79,74.8,3.84,7.48,0.748
FET_USDT-1789650000000,FET_USDT,FET,target,2026-09-17 14:11:34 UTC,2026-09-17 17:05:07 UTC,2.89,0.1624,0.16925327999999998,0.1624,0.002285209407484466,0.15897335999999998,0.16925327999999998,2.11,4.22,0.155904,0.1693,0.1605,82.4,4.22,8.24,0.824
ALGO_USDT-1789585200000,ALGO_USDT,ALGO,target,2026-09-16 20:05:05 UTC,2026-09-17 17:07:34 UTC,21.04,0.0875,0.09176124999999999,0.0875,0.0014200337026534868,0.08537375,0.09176124999999999,2.43,4.87,0.08399999999999999,0.09179,0.08714,95.4,4.87,9.54,0.954
MON_USDT-1789642800000,MON_USDT,MON,target,2026-09-17 12:13:37 UTC,2026-09-17 17:22:37 UTC,5.15,0.02268,0.02356452,0.02268,0.0002951293914042872,0.02223774,0.02356452,1.95,3.9,0.0217728,0.02362,0.02268,76,3.9,7.6,0.76
JUP_USDT-1789628400000,JUP_USDT,JUP,target,2026-09-17 08:45:04 UTC,2026-09-17 17:27:37 UTC,8.71,0.2253,0.23663259,0.2253,0.0037788039690783894,0.21962244,0.23663259,2.52,5.03,0.21628799999999998,0.2367,0.2225,98.6,5.03,9.86,0.986
OP_USDT-1789642800000,OP_USDT,OP,target,2026-09-17 12:13:07 UTC,2026-09-17 17:33:07 UTC,5.33,0.09745,0.101552645,0.09745,0.0013691440515379541,0.095393805,0.101552645,2.11,4.21,0.093552,0.10159,0.09693,82.2,4.21,8.22,0.822
NEAR_USDT-1789639200000,NEAR_USDT,NEAR,target,2026-09-17 11:22:34 UTC,2026-09-17 17:52:37 UTC,6.5,2.834,3.0388982,2.834,0.06833910173304704,2.7314092,3.0388982,3.62,7.23,2.72064,3.0434,2.8073,142.6,7.23,14.26,1.426
EIGEN_USDT-1789599600000,EIGEN_USDT,EIGEN,target,2026-09-17 00:13:06 UTC,2026-09-17 18:22:37 UTC,18.16,0.1929,0.20256428999999998,0.1929,0.0032234173180676557,0.18805820999999998,0.20256428999999998,2.51,5.01,0.185184,0.2026,0.1929,98.2,5.01,9.82,0.982
BEAT_USDT-1789624800000,BEAT_USDT,BEAT,target,2026-09-17 07:02:33 UTC,2026-09-17 18:26:07 UTC,11.39,0.0819,0.0855855,0.0819,0.0012272160033786807,0.08005725000000001,0.0855855,2.25,4.5,0.078624,0.0858,0.0814,88,4.5,8.8,0.88
TAO_USDT-1789585200000,TAO_USDT,TAO,target,2026-09-16 20:25:06 UTC,2026-09-17 18:27:07 UTC,22.03,221,230.6577,221,3.218766987311147,216.1822,230.6577,2.18,4.37,212.16,231,217.7,85.4,4.37,8.54,0.854
BEAT_USDT-1789632000000,BEAT_USDT,BEAT,target,2026-09-17 09:15:37 UTC,2026-09-17 18:28:07 UTC,9.21,0.0825,0.08601450000000001,0.0825,0.0011724422425377857,0.08074275,0.08601450000000001,2.13,4.26,0.0792,0.0862,0.0824,83.2,4.26,8.32,0.832
ACE_USDT-1789653600000,ACE_USDT,ACE,stopped,2026-09-17 15:43:04 UTC,2026-09-17 18:32:37 UTC,2.83,0.1542,0.1515786,0.1542,0.0017525242356737608,0.1515786,0.15945822,1.7,3.41,0.148032,0.1545,0.1515,-36,-1.7,-3.6,-0.36
CYS_USDT-1789653600000,CYS_USDT,CYS,target,2026-09-17 18:19:37 UTC,2026-09-17 18:40:37 UTC,0.35,0.1347,0.14177174999999997,0.1347,0.0023553525671860635,0.13117086,0.14177174999999997,2.62,5.25,0.12931199999999998,0.142,0.1347,103,5.25,10.3,1.03
HEMI_USDT-1789617600000,HEMI_USDT,HEMI,stopped,2026-09-17 06:20:33 UTC,2026-09-17 20:09:38 UTC,13.82,0.006466,0.0062933578000000006,0.006466,0.00011519851980100967,0.0062933578000000006,0.0068112844,2.67,5.34,0.00620736,0.006492,0.00629,-55.4,-2.67,-5.54,-0.554
KAITO_USDT-1789585200000,KAITO_USDT,KAITO,target,2026-09-16 20:05:05 UTC,2026-09-17 20:28:08 UTC,24.38,0.2863,0.29869679,0.2863,0.004135872732565572,0.28008729,0.29869679,2.17,4.33,0.274848,0.2987,0.2851,84.6,4.33,8.46,0.846
PIEVERSE_USDT-1789668000000,PIEVERSE_USDT,PIEVERSE,target,2026-09-17 19:47:38 UTC,2026-09-17 20:30:08 UTC,0.71,1.2252,1.3017750000000001,1.2252,0.025526086350043782,1.18685124,1.3017750000000001,3.13,6.25,1.1761920000000001,1.3034,1.2192,123,6.25,12.3,1.23
H_USDT-1789642800000,H_USDT,H,stopped,2026-09-17 12:29:03 UTC,2026-09-17 21:01:36 UTC,8.54,0.09004,0.08765394,0.09004,0.0015883138817670468,0.08765394,0.09480311599999999,2.65,5.29,0.0864384,0.09035,0.08759,-55,-2.65,-5.5,-0.55
H_USDT-1789657200000,H_USDT,H,stopped,2026-09-17 16:01:10 UTC,2026-09-17 21:02:08 UTC,5.02,0.08988,0.087570084,0.08988,0.0015426361042399802,0.087570084,0.09450882000000001,2.57,5.15,0.0862848,0.09035,0.08757,-53.4,-2.57,-5.34,-0.534
RIVER_USDT-1789621200000,RIVER_USDT,RIVER,stopped,2026-09-17 06:16:06 UTC,2026-09-17 21:22:08 UTC,15.1,1.228,1.201598,1.228,0.01763588819035982,1.201598,1.2809267999999998,2.15,4.31,1.17888,1.268,1.192,-45,-2.15,-4.5,-0.45
XRP_USDT-1789650000000,XRP_USDT,XRP,stopped,2026-09-17 14:14:37 UTC,2026-09-17 22:01:35 UTC,7.78,1.3086,1.28975616,1.3086,0.012536534190816838,1.28975616,1.3461568199999998,1.44,2.87,1.256256,1.3189,1.2897,-30.8,-1.44,-3.08,-0.308
BANK_USDT-1789642800000,BANK_USDT,BANK,target,2026-09-17 14:00:37 UTC,2026-09-17 22:16:08 UTC,8.26,0.0277,0.02846175,0.0277,0.0002539421540258414,0.027317739999999997,0.02846175,1.38,2.75,0.026591999999999998,0.02849,0.02766,53,2.75,5.3,0.53
ALGO_USDT-1789657200000,ALGO_USDT,ALGO,stopped,2026-09-17 17:01:34 UTC,2026-09-17 22:26:38 UTC,5.42,0.09115,0.089409035,0.09115,0.0011598838064742433,0.089409035,0.09463192999999999,1.91,3.82,0.087504,0.09182,0.08934,-40.2,-1.91,-4.02,-0.402
XLM_USDT-1789657200000,XLM_USDT,XLM,stopped,2026-09-17 16:02:07 UTC,2026-09-17 22:28:38 UTC,6.44,0.18649,0.183021286,0.18649,0.002318252632037509,0.183021286,0.19344607700000002,1.86,3.73,0.17903039999999998,0.1874,0.18301,-39.2,-1.86,-3.92,-0.392
G_USDT-1789668000000,G_USDT,G,target,2026-09-17 22:43:37 UTC,2026-09-17 22:44:08 UTC,0.01,0.004582,0.0048468396000000006,0.004582,8.820568300102665e-05,0.0044495802,0.0048468396000000006,2.89,5.78,0.00439872,0.005053,0.004582,113.6,5.78,11.36,1.136
APT_USDT-1789639200000,APT_USDT,APT,target,2026-09-17 11:10:35 UTC,2026-09-17 23:28:38 UTC,12.3,0.5756,0.5982786400000001,0.5756,0.007561980373821413,0.56426068,0.5982786400000001,1.97,3.94,0.552576,0.5983,0.5704,76.8,3.94,7.68,0.768
SUI_USDT-1789585200000,SUI_USDT,SUI,target,2026-09-16 20:05:05 UTC,2026-09-17 23:43:35 UTC,27.64,0.7078,0.739651,0.7078,0.010612247884331277,0.6918745000000001,0.739651,2.25,4.5,0.679488,0.741,0.6989,88,4.5,8.8,0.88
JUP_USDT-1789646400000,JUP_USDT,JUP,target,2026-09-17 14:12:37 UTC,2026-09-17 23:47:38 UTC,9.58,0.2276,0.23843376000000002,0.2276,0.003611016509749488,0.22218311999999998,0.23843376000000002,2.38,4.76,0.218496,0.2385,0.2234,93.2,4.76,9.32,0.932
RENDER_USDT-1789635600000,RENDER_USDT,RENDER,target,2026-09-17 12:31:07 UTC,2026-09-18 00:02:39 UTC,11.53,1.3968,1.4401008,1.3968,0.014442111857188581,1.3751496,1.4401008,1.55,3.1,1.340928,1.4413,1.3789,60,3.1,6,0.6
SEI_USDT-1789588800000,SEI_USDT,SEI,target,2026-09-16 23:18:36 UTC,2026-09-18 00:34:38 UTC,25.27,0.0428,0.044268039999999995,0.0428,0.0004893763011533039,0.04206384,0.044268039999999995,1.72,3.43,0.041088,0.04428,0.0428,66.6,3.43,6.66,0.666
ETC_USDT-1789585200000,ETC_USDT,ETC,target,2026-09-16 20:05:05 UTC,2026-09-18 00:48:38 UTC,28.73,7.26,7.53951,7.26,0.09307078459035499,7.120608,7.53951,1.92,3.85,6.9696,7.543,7.223,75,3.85,7.5,0.75
ICP_USDT-1789588800000,ICP_USDT,ICP,target,2026-09-16 21:05:03 UTC,2026-09-18 00:52:08 UTC,27.78,2.53,2.6446089999999995,2.53,0.0382075931752485,2.4725689999999996,2.6446089999999995,2.27,4.53,2.4288,2.646,2.498,88.6,4.53,8.86,0.886
SUI_USDT-1789635600000,SUI_USDT,SUI,target,2026-09-17 12:17:01 UTC,2026-09-18 00:55:10 UTC,12.64,0.7248,0.7472688,0.7248,0.0074795733650118035,0.7135656,0.7472688,1.55,3.1,0.695808,0.7481,0.722,60,3.1,6,0.6
ADA_USDT-1789588800000,ADA_USDT,ADA,target,2026-09-16 23:41:34 UTC,2026-09-18 01:00:38 UTC,25.32,0.1961,0.20486567,0.1961,0.002923018807101562,0.19170736,0.20486567,2.24,4.47,0.18825599999999998,0.2053,0.1942,87.4,4.47,8.74,0.874
MORPHO_USDT-1789624800000,MORPHO_USDT,MORPHO,target,2026-09-17 07:50:37 UTC,2026-09-18 01:00:38 UTC,17.17,2.1518,2.2471247400000003,2.1518,0.031755879766114374,2.10424522,2.2471247400000003,2.21,4.43,2.065728,2.2489,2.126,86.6,4.43,8.66,0.866
POL_USDT-1789653600000,POL_USDT,POL,stopped,2026-09-17 16:03:07 UTC,2026-09-18 01:08:36 UTC,9.09,0.09843,0.09671731800000001,0.09843,0.0011388283137263781,0.09671731800000001,0.101845521,1.74,3.47,0.0944928,0.10146,0.09669,-36.8,-1.74,-3.68,-0.368
VIRTUAL_USDT-1789588800000,VIRTUAL_USDT,VIRTUAL,target,2026-09-16 21:06:36 UTC,2026-09-18 01:09:38 UTC,28.05,0.595,0.62118,0.595,0.008733326416839143,0.5819099999999999,0.62118,2.2,4.4,0.5711999999999999,0.6213,0.5878,86,4.4,8.6,0.86
ORDI_USDT-1789588800000,ORDI_USDT,ORDI,target,2026-09-16 22:42:36 UTC,2026-09-18 01:12:38 UTC,26.5,4.015,4.237029499999999,4.015,0.07399013420159754,3.9041859999999997,4.237029499999999,2.76,5.53,3.8543999999999996,4.24,4.007,108.6,5.53,10.86,1.086
BNB_USDT-1789660800000,BNB_USDT,BNB,target,2026-09-17 17:01:34 UTC,2026-09-18 01:16:08 UTC,8.24,728.55,741.51819,728.55,4.324261351093911,722.0659049999999,741.51819,0.89,1.78,699.4079999999999,741.85,727.2,33.6,1.78,3.36,0.336
CVC_USDT-1789682400000,CVC_USDT,CVC,stopped,2026-09-18 00:42:08 UTC,2026-09-18 01:18:10 UTC,0.6,0.0265,0.02603625,0.0265,0.00030834740504684204,0.02603625,0.027424849999999997,1.75,3.49,0.025439999999999997,0.02674,0.02603,-37,-1.75,-3.7,-0.37
STX_USDT-1789599600000,STX_USDT,STX,target,2026-09-17 00:06:36 UTC,2026-09-18 01:31:08 UTC,25.41,0.2428,0.25467291999999997,0.2428,0.003959401026482266,0.2368514,0.25467291999999997,2.45,4.89,0.233088,0.2552,0.2371,95.8,4.89,9.58,0.958
TIA_USDT-1789642800000,TIA_USDT,TIA,target,2026-09-17 12:13:37 UTC,2026-09-18 01:36:08 UTC,13.38,0.3487,0.36236904,0.3487,0.0045604251814620475,0.34186548,0.36236904,1.96,3.92,0.334752,0.3633,0.3425,76.4,3.92,7.64,0.764
ADA_USDT-1789632000000,ADA_USDT,ADA,target,2026-09-17 09:13:07 UTC,2026-09-18 01:38:36 UTC,16.42,0.2001,0.20636313000000003,0.2001,0.002086256227249196,0.19697844,0.20636313000000003,1.56,3.13,0.192096,0.2069,0.1972,60.6,3.13,6.06,0.606
TIA_USDT-1789657200000,TIA_USDT,TIA,target,2026-09-17 16:02:37 UTC,2026-09-18 01:39:08 UTC,9.61,0.3494,0.3640748,0.3494,0.004896863281140618,0.3420626,0.3640748,2.1,4.2,0.335424,0.3662,0.3463,82,4.2,8.2,0.82
ETHFI_USDT-1789632000000,ETHFI_USDT,ETHFI,target,2026-09-17 12:02:07 UTC,2026-09-18 01:42:08 UTC,13.67,0.6066,0.63984168,0.6066,0.011084533303228032,0.5899791600000001,0.63984168,2.74,5.48,0.582336,0.6405,0.6055,107.6,5.48,10.76,1.076
ICP_USDT-1789657200000,ICP_USDT,ICP,target,2026-09-17 16:23:37 UTC,2026-09-18 01:43:08 UTC,9.33,2.588,2.6770272,2.588,0.02967071810287073,2.5434864,2.6770272,1.72,3.44,2.48448,2.679,2.578,66.8,3.44,6.68,0.668
LDO_USDT-1789632000000,LDO_USDT,LDO,target,2026-09-17 09:03:04 UTC,2026-09-18 01:49:08 UTC,16.77,0.3546,0.36644364000000007,0.3546,0.003951669944241414,0.34867818,0.36644364000000007,1.67,3.34,0.340416,0.3669,0.3517,64.8,3.34,6.48,0.648
WLD_USDT-1789660800000,WLD_USDT,WLD,target,2026-09-17 17:01:34 UTC,2026-09-18 01:50:35 UTC,8.82,0.3789,0.39530636999999996,0.3789,0.005465741709939092,0.37071576,0.39530636999999996,2.16,4.33,0.363744,0.3956,0.3753,84.6,4.33,8.46,0.846
SOL_USDT-1789632000000,SOL_USDT,SOL,target,2026-09-17 09:03:04 UTC,2026-09-18 01:51:38 UTC,16.81,100.29,102.68693100000002,100.29,0.8002627849952829,99.08652000000001,102.68693100000002,1.2,2.39,96.2784,102.74,99.51,45.8,2.39,4.58,0.458
XMR_USDT-1789650000000,XMR_USDT,XMR,target,2026-09-17 14:11:35 UTC,2026-09-18 01:51:38 UTC,11.67,505.07,519.515002,505.07,4.806959927069503,497.847499,519.515002,1.43,2.86,484.86719999999997,519.67,504.26,55.2,2.86,5.52,0.552
PENGU_USDT-1789642800000,PENGU_USDT,PENGU,target,2026-09-17 12:04:34 UTC,2026-09-18 01:58:38 UTC,13.9,0.0072,0.00747504,0.0072,9.167134060489949e-05,0.0070624799999999995,0.00747504,1.91,3.82,0.006912,0.007478,0.007152,74.4,3.82,7.44,0.744
ENA_USDT-1789650000000,ENA_USDT,ENA,target,2026-09-17 14:09:37 UTC,2026-09-18 01:59:08 UTC,11.83,0.15267,0.161616462,0.15267,0.0029808381973006164,0.148196769,0.161616462,2.93,5.86,0.1465632,0.16166,0.15012,115.2,5.86,11.52,1.152
ORDI_USDT-1789657200000,ORDI_USDT,ORDI,target,2026-09-17 16:02:07 UTC,2026-09-18 01:59:38 UTC,9.96,4.159,4.3187055999999995,4.159,0.05329491681350147,4.0791471999999995,4.3187055999999995,1.92,3.84,3.9926399999999997,4.32,4.134,74.8,3.84,7.48,0.748
CFX_USDT-1789588800000,CFX_USDT,CFX,target,2026-09-16 21:05:03 UTC,2026-09-18 02:02:34 UTC,28.96,0.04492,0.046622468,0.04492,0.0005678646976678722,0.04406652,0.046622468,1.9,3.79,0.0431232,0.04672,0.04481,73.8,3.79,7.38,0.738
PNUT_USDT-1789639200000,PNUT_USDT,PNUT,target,2026-09-17 11:04:34 UTC,2026-09-18 02:02:36 UTC,14.97,0.04617,0.048256884,0.04617,0.0006951318344034078,0.045126558000000004,0.048256884,2.26,4.52,0.0443232,0.04826,0.04556,88.4,4.52,8.84,0.884
ETC_USDT-1789671600000,ETC_USDT,ETC,target,2026-09-17 20:09:08 UTC,2026-09-18 02:30:38 UTC,6.36,7.435,7.6424365,7.435,0.06911262992407247,7.3316535,7.6424365,1.39,2.79,7.137599999999999,7.645,7.399,53.8,2.79,5.38,0.538
BSV_USDT-1789650000000,BSV_USDT,BSV,target,2026-09-17 14:11:35 UTC,2026-09-18 02:32:36 UTC,12.35,16.26,16.620972000000002,16.26,0.12043501962967623,16.079514000000003,16.620972000000002,1.11,2.22,15.6096,16.63,16.17,42.4,2.22,4.24,0.424
ENA_USDT-1789657200000,ENA_USDT,ENA,target,2026-09-17 16:12:07 UTC,2026-09-18 02:56:36 UTC,10.74,0.154,0.163856,0.154,0.003285340690416915,0.14907199999999998,0.163856,3.2,6.4,0.14784,0.16391,0.15072,126,6.4,12.6,1.26
EIGEN_USDT-1789639200000,EIGEN_USDT,EIGEN,target,2026-09-17 11:14:07 UTC,2026-09-18 03:04:38 UTC,15.84,0.1994,0.20649864,0.1994,0.0023642084739897923,0.19585068,0.20649864,1.78,3.56,0.19142399999999998,0.2069,0.1959,69.2,3.56,6.92,0.692
PENDLE_USDT-1789592400000,PENDLE_USDT,PENDLE,target,2026-09-16 22:14:36 UTC,2026-09-18 03:06:38 UTC,28.87,2.288,2.4108656,2.288,0.04093702095210198,2.2266815999999996,2.4108656,2.68,5.37,2.1964799999999998,2.411,2.242,105.4,5.37,10.54,1.054
WIF_USDT-1789588800000,WIF_USDT,WIF,target,2026-09-16 23:22:06 UTC,2026-09-18 03:07:08 UTC,27.75,0.1821,0.19051302,0.1821,0.0028064314826899374,0.17789349000000002,0.19051302,2.31,4.62,0.174816,0.1907,0.1811,90.4,4.62,9.04,0.904
TRUMP_USDT-1789657200000,TRUMP_USDT,TRUMP,target,2026-09-17 17:00:07 UTC,2026-09-18 03:09:38 UTC,10.16,1.956,2.0299368,1.956,0.024661807956204276,1.9190315999999998,2.0299368,1.89,3.78,1.8777599999999999,2.033,1.932,73.6,3.78,7.36,0.736
INJ_USDT-1789632000000,INJ_USDT,INJ,target,2026-09-17 09:05:36 UTC,2026-09-18 03:11:38 UTC,18.1,5.573,5.8176547,5.573,0.08158173657602921,5.450394,5.8176547,2.2,4.39,5.35008,5.82,5.526,85.8,4.39,8.58,0.858
TRB_USDT-1789592400000,TRB_USDT,TRB,target,2026-09-16 23:18:06 UTC,2026-09-18 03:12:08 UTC,27.9,16.69,17.367614,16.69,0.22576307075001448,16.351193000000002,17.367614,2.03,4.06,16.0224,17.38,16.69,79.2,4.06,7.92,0.792
ATOM_USDT-1789657200000,ATOM_USDT,ATOM,target,2026-09-17 16:01:37 UTC,2026-09-18 03:12:08 UTC,11.18,1.554,1.6020185999999998,1.554,0.0160145792148357,1.529913,1.6020185999999998,1.55,3.09,1.49184,1.606,1.544,59.8,3.09,5.98,0.598
TRUMP_USDT-1789588800000,TRUMP_USDT,TRUMP,target,2026-09-16 23:18:06 UTC,2026-09-18 03:14:34 UTC,27.94,1.927,2.0391514,1.927,0.03739006877631125,1.8709243,2.0391514,2.91,5.82,1.84992,2.04,1.915,114.4,5.82,11.44,1.144
HBAR_USDT-1789599600000,HBAR_USDT,HBAR,target,2026-09-17 01:32:04 UTC,2026-09-18 03:14:34 UTC,25.71,0.07395,0.07665657,0.07395,0.000901124518362859,0.072596715,0.07665657,1.83,3.66,0.070992,0.07667,0.07348,71.2,3.66,7.12,0.712
CFX_USDT-1789635600000,CFX_USDT,CFX,target,2026-09-17 12:18:07 UTC,2026-09-18 03:14:34 UTC,14.94,0.0458,0.0470366,0.0458,0.00041201690255873643,0.045181700000000005,0.0470366,1.35,2.7,0.043968,0.04704,0.04539,52,2.7,5.2,0.52
LINK_USDT-1789646400000,LINK_USDT,LINK,target,2026-09-17 14:12:37 UTC,2026-09-18 03:14:34 UTC,13.03,11.335,11.6648485,11.335,0.10997780590984878,11.169509000000001,11.6648485,1.46,2.91,10.8816,11.667,11.234,56.2,2.91,5.62,0.562
JTO_USDT-1789635600000,JTO_USDT,JTO,target,2026-09-17 10:40:35 UTC,2026-09-18 03:14:36 UTC,16.57,0.4315,0.45005449999999997,0.4315,0.006180913029103645,0.42222275000000004,0.45005449999999997,2.15,4.3,0.41424,0.4503,0.4257,84,4.3,8.4,0.84
DOGE_USDT-1789588800000,DOGE_USDT,DOGE,target,2026-09-16 23:41:34 UTC,2026-09-18 03:15:08 UTC,27.56,0.0808,0.08353912,0.0808,0.0009129096634210548,0.07943447999999999,0.08353912,1.69,3.39,0.077568,0.08355,0.08048,65.8,3.39,6.58,0.658
PENDLE_USDT-1789642800000,PENDLE_USDT,PENDLE,target,2026-09-17 12:07:37 UTC,2026-09-18 03:15:08 UTC,15.13,2.337,2.4402954,2.337,0.03442920460512989,2.2853523,2.4402954,2.21,4.42,2.24352,2.442,2.291,86.4,4.42,8.64,0.864
GRAM_USDT-1789599600000,GRAM_USDT,GRAM,target,2026-09-17 00:11:09 UTC,2026-09-18 03:16:08 UTC,27.08,1.3203,1.3535715599999998,1.3203,0.011083434871081821,1.3036642200000002,1.3535715599999998,1.26,2.52,1.267488,1.3541,1.3084,48.4,2.52,4.84,0.484
BONK_USDT-1789650000000,BONK_USDT,BONK,target,2026-09-17 14:09:37 UTC,2026-09-18 03:16:38 UTC,13.12,2.699e-06,2.8010222e-06,2.699e-06,3.403593853766629e-08,2.6479889e-06,2.8010222e-06,1.89,3.78,2.5910399999999997e-06,2.803e-06,2.683e-06,73.6,3.78,7.36,0.736
BIO_USDT-1789588800000,BIO_USDT,BIO,target,2026-09-16 23:23:33 UTC,2026-09-18 03:17:08 UTC,27.89,0.02496,0.026103168,0.02496,0.00038087472355540576,0.024388416,0.026103168,2.29,4.58,0.0239616,0.02612,0.02491,89.6,4.58,8.96,0.896
BTC_USDT-1789689600000,BTC_USDT,BTC,target,2026-09-18 01:02:35 UTC,2026-09-18 03:18:08 UTC,2.26,76554,77503.2696,76554,316.05776864614825,76079.3652,77503.2696,0.62,1.24,73491.84,77526.3,76475.4,22.8,1.24,2.28,0.228
PENDLE_USDT-1789693200000,PENDLE_USDT,PENDLE,target,2026-09-18 02:02:34 UTC,2026-09-18 03:18:38 UTC,1.27,2.363,2.4629549,2.363,0.033283362626161585,2.3131407,2.4629549,2.11,4.23,2.26848,2.464,2.363,82.6,4.23,8.26,0.826
JTO_USDT-1789642800000,JTO_USDT,JTO,target,2026-09-17 12:07:37 UTC,2026-09-18 03:19:08 UTC,15.19,0.4335,0.45244395000000004,0.4335,0.0063074413418603,0.4240497,0.45244395000000004,2.18,4.37,0.41616,0.4528,0.4257,85.4,4.37,8.54,0.854
PENDLE_USDT-1789675200000,PENDLE_USDT,PENDLE,target,2026-09-17 23:03:08 UTC,2026-09-18 03:19:08 UTC,4.27,2.349,2.4648057,2.349,0.03857629283137989,2.2912146000000004,2.4648057,2.46,4.93,2.25504,2.466,2.314,96.6,4.93,9.66,0.966
ZRO_USDT-1789621200000,ZRO_USDT,ZRO,target,2026-09-17 06:06:36 UTC,2026-09-18 03:30:38 UTC,21.4,1.028,1.0761104,1.028,0.016048115348206986,1.0039448,1.0761104,2.34,4.68,0.98688,1.079,1.008,91.6,4.68,9.16,0.916
FARTCOIN_USDT-1789621200000,FARTCOIN_USDT,FARTCOIN,target,2026-09-17 06:02:33 UTC,2026-09-18 03:48:38 UTC,21.77,0.14421,0.15242997,0.14421,0.0027401679885826645,0.14010001500000002,0.15242997,2.85,5.7,0.1384416,0.15243,0.14159,112,5.7,11.2,1.12
GRAM_USDT-1789639200000,GRAM_USDT,GRAM,target,2026-09-17 11:05:37 UTC,2026-09-18 03:51:08 UTC,16.76,1.3316,1.3608951999999999,1.3316,0.009760170901256802,1.3169524,1.3608951999999999,1.1,2.2,1.278336,1.3611,1.3253,42,2.2,4.2,0.42
SKY_USDT-1789650000000,SKY_USDT,SKY,target,2026-09-17 14:05:08 UTC,2026-09-18 03:53:38 UTC,13.81,0.05922,0.061955964,0.05922,0.0009129534600351943,0.057852018,0.061955964,2.31,4.62,0.0568512,0.06197,0.05798,90.4,4.62,9.04,0.904
DOT_USDT-1789657200000,DOT_USDT,DOT,target,2026-09-17 16:01:37 UTC,2026-09-18 04:10:38 UTC,12.15,1.069,1.1280088,1.069,0.019675117083738532,1.0394956,1.1280088,2.76,5.52,1.0262399999999998,1.13,1.051,108.4,5.52,10.84,1.084
RE_USDT-1789642800000,RE_USDT,RE,target,2026-09-17 12:04:34 UTC,2026-09-18 04:13:08 UTC,16.14,0.44197,0.45642241899999997,0.44197,0.004819874742766531,0.434721692,0.45642241899999997,1.64,3.27,0.4242912,0.45675,0.4361,63.4,3.27,6.34,0.634
VVV_USDT-1789675200000,VVV_USDT,VVV,liquidated,2026-09-17 23:13:36 UTC,2026-09-18 04:33:38 UTC,5.33,25.359,24.344640000000002,25.359,0.63505271829939,24.4055016,27.263460900000002,3.76,7.51,24.344640000000002,25.97,24.281,-100,-4.0,-10,-1.0
MUBARAK_USDT-1789657200000,MUBARAK_USDT,MUBARAK,target,2026-09-17 16:15:07 UTC,2026-09-18 04:39:08 UTC,12.4,0.0305,0.0324032,0.0305,0.0006344286459747419,0.0295484,0.0324032,3.12,6.24,0.029279999999999997,0.03307,0.03047,122.8,6.24,12.28,1.228
DEXE_USDT-1789660800000,DEXE_USDT,DEXE,target,2026-09-17 18:30:07 UTC,2026-09-18 04:44:34 UTC,10.24,1.808,1.8472336000000003,1.808,0.013104066320886277,1.7882928,1.8472336000000003,1.09,2.17,1.73568,1.849,1.793,41.4,2.17,4.14,0.414
DEXE_USDT-1789581600000,DEXE_USDT,DEXE,target,2026-09-16 20:02:36 UTC,2026-09-18 04:47:08 UTC,32.74,1.784,1.8516136,1.784,0.02251355700295605,1.7502824,1.8516136,1.89,3.79,1.71264,1.853,1.784,73.8,3.79,7.38,0.738
PUMP_USDT-1789624800000,PUMP_USDT,PUMP,target,2026-09-17 09:25:07 UTC,2026-09-18 04:48:08 UTC,19.38,0.003908,0.0041479512,0.003908,8.002957331961261e-05,0.0037880244,0.0041479512,3.07,6.14,0.00375168,0.004155,0.003845,120.8,6.14,12.08,1.208
AERO_USDT-1789660800000,AERO_USDT,AERO,target,2026-09-17 18:08:37 UTC,2026-09-18 06:32:01 UTC,12.39,0.5941,0.6268349099999999,0.5941,0.010918935618007332,0.5777028399999999,0.6268349099999999,2.76,5.51,0.570336,0.6276,0.5783,108.2,5.51,10.82,1.082
ETH_USDT-1789632000000,ETH_USDT,ETH,target,2026-09-17 09:03:04 UTC,2026-09-18 07:23:31 UTC,22.34,2445.84,2495.9797200000003,2445.84,16.727529790492977,2420.647848,2495.9797200000003,1.03,2.05,2348.0064,2496.5,2427.15,39,2.05,3.9,0.39
XRP_USDT-1789689600000,XRP_USDT,XRP,target,2026-09-18 01:09:38 UTC,2026-09-18 07:24:01 UTC,6.24,1.3007,1.32944547,1.3007,0.009579584362088847,1.2863923,1.32944547,1.1,2.21,1.248672,1.3298,1.2996,42.2,2.21,4.22,0.422
ZAMA_USDT-1789711200000,ZAMA_USDT,ZAMA,target,2026-09-18 07:04:01 UTC,2026-09-18 07:40:31 UTC,0.61,0.05115,0.053784225000000005,0.05115,0.0008784671963484737,0.04983033,0.053784225000000005,2.58,5.15,0.049104,0.05389,0.05114,101,5.15,10.1,1.01
WIF_USDT-1789657200000,WIF_USDT,WIF,target,2026-09-17 16:02:07 UTC,2026-09-18 07:57:31 UTC,15.92,0.1865,0.19397865,0.1865,0.002490074454235428,0.18277,0.19397865,2,4.01,0.17904,0.194,0.1842,78.2,4.01,7.82,0.782
ETH_USDT-1789585200000,ETH_USDT,ETH,target,2026-09-16 20:06:06 UTC,2026-09-18 08:21:01 UTC,36.25,2417.31,2497.322961,2417.31,26.683386531028823,2377.182654,2497.322961,1.66,3.31,2320.6176,2501.94,2388.25,64.2,3.31,6.42,0.642
BTC_USDT-1789585200000,BTC_USDT,BTC,target,2026-09-16 20:05:05 UTC,2026-09-18 08:23:01 UTC,36.3,76145,77964.8655,76145,606.6630745737918,75231.26,77964.8655,1.2,2.39,73099.2,77970.8,75612.5,45.8,2.39,4.58,0.458
LIT_USDT-1789711200000,LIT_USDT,LIT,stopped,2026-09-18 08:02:31 UTC,2026-09-18 08:39:31 UTC,0.62,5.146,4.9545688,5.146,0.12751826408862185,4.9545688,5.5283478,3.72,7.43,4.94016,5.153,4.954,-76.4,-3.72,-7.64,-0.764
BTC_USDT-1789650000000,BTC_USDT,BTC,target,2026-09-17 14:14:37 UTC,2026-09-18 09:01:30 UTC,18.78,76847.9,78223.47740999999,76847.9,457.2587759994928,76163.95369,78223.47740999999,0.89,1.79,73773.984,78253.9,76216.3,33.8,1.79,3.38,0.338
LA_USDT-1789545600000,LA_USDT,LA,target,2026-09-16 09:04:05 UTC,2026-09-18 09:07:28 UTC,48.06,0.06475,0.06899112500000001,0.06475,0.0014141989916403091,0.0626262,0.06899112500000001,3.28,6.55,0.06216,0.06904,0.06361,129,6.55,12.9,1.29
BTC_USDT-1789657200000,BTC_USDT,BTC,target,2026-09-17 17:05:07 UTC,2026-09-18 09:08:31 UTC,16.06,76837.5,78351.19875000001,76837.5,503.3028139729666,76084.4925,78351.19875000001,0.98,1.97,73764,78412.8,76216.3,37.4,1.97,3.74,0.374
INJ_USDT-1789714800000,INJ_USDT,INJ,target,2026-09-18 08:05:31 UTC,2026-09-18 10:02:31 UTC,1.95,6.158,6.4671316,6.158,0.1030047949958247,6.0034342,6.4671316,2.51,5.02,5.9116800000000005,6.477,6.141,98.4,5.02,9.84,0.984
MMT_USDT-1789664400000,MMT_USDT,MMT,target,2026-09-17 20:32:08 UTC,2026-09-18 10:07:30 UTC,13.59,0.1388,0.14932104000000002,0.1388,0.0035081133302320836,0.13353948,0.14932104000000002,3.79,7.58,0.133248,0.1504,0.1388,149.6,7.58,14.96,1.496
EIGEN_USDT-1789707600000,EIGEN_USDT,EIGEN,target,2026-09-18 06:31:29 UTC,2026-09-18 10:17:01 UTC,3.76,0.2117,0.22010449,0.2117,0.002801472367708592,0.20750833999999999,0.22010449,1.98,3.97,0.203232,0.2205,0.2115,77.4,3.97,7.74,0.774
DOT_USDT-1789718400000,DOT_USDT,DOT,stopped,2026-09-18 09:05:01 UTC,2026-09-18 11:06:01 UTC,2.02,1.164,1.134318,1.164,0.019794727250950064,1.134318,1.223364,2.55,5.1,1.11744,1.17,1.133,-53,-2.55,-5.3,-0.53
LTC_USDT-1789718400000,LTC_USDT,LTC,stopped,2026-09-18 09:06:01 UTC,2026-09-18 11:06:01 UTC,2,55.88,55.203852000000005,55.88,0.44976464246379644,55.203852000000005,57.226708,1.21,2.41,53.644800000000004,56,55.18,-26.2,-1.21,-2.62,-0.262
HOME_USDT-1789722000000,HOME_USDT,HOME,stopped,2026-09-18 10:28:32 UTC,2026-09-18 11:06:01 UTC,0.62,0.00565,0.00559124,0.00565,3.9196822827616205e-05,0.00559124,0.005767519999999999,1.04,2.08,0.005423999999999999,0.00566,0.00559,-22.8,-1.04,-2.28,-0.228
FIL_USDT-1789722000000,FIL_USDT,FIL,stopped,2026-09-18 10:02:31 UTC,2026-09-18 11:08:01 UTC,1.09,0.8785,0.8585580499999999,0.8785,0.013308625070742236,0.8585580499999999,0.9183839,2.27,4.54,0.8433599999999999,0.8795,0.858,-47.4,-2.27,-4.74,-0.474
ALGO_USDT-1789718400000,ALGO_USDT,ALGO,stopped,2026-09-18 09:05:31 UTC,2026-09-18 11:09:31 UTC,2.07,0.09574,0.09400710600000001,0.09574,0.0011538413832888478,0.09400710600000001,0.099205788,1.81,3.62,0.0919104,0.09593,0.094,-38.2,-1.81,-3.82,-0.382
ICP_USDT-1789722000000,ICP_USDT,ICP,stopped,2026-09-18 10:05:01 UTC,2026-09-18 11:09:31 UTC,1.07,2.813,2.7553335000000003,2.813,0.038461015984379496,2.7553335000000003,2.928333,2.05,4.1,2.70048,2.814,2.745,-43,-2.05,-4.3,-0.43
TAO_USDT-1789722000000,TAO_USDT,TAO,stopped,2026-09-18 10:36:02 UTC,2026-09-18 11:10:31 UTC,0.57,250.4,244.86616,250.4,3.695627401384509,244.86616,261.49272,2.21,4.43,240.384,251.5,244.5,-46.2,-2.21,-4.62,-0.462
RENDER_USDT-1789722000000,RENDER_USDT,RENDER,stopped,2026-09-18 10:03:31 UTC,2026-09-18 11:10:31 UTC,1.12,1.5315,1.5020952,1.5315,0.01956606725919354,1.5020952,1.59015645,1.92,3.83,1.47024,1.5318,1.502,-40.4,-1.92,-4.04,-0.404
XPL_USDT-1789714800000,XPL_USDT,XPL,stopped,2026-09-18 08:57:31 UTC,2026-09-18 11:11:31 UTC,2.23,0.08999,0.087686256,0.08999,0.001537565886530358,0.087686256,0.09460648699999999,2.56,5.13,0.08639039999999999,0.09016,0.08765,-53.2,-2.56,-5.32,-0.532
SUSHI_USDT-1789722000000,SUSHI_USDT,SUSHI,stopped,2026-09-18 10:01:30 UTC,2026-09-18 11:13:30 UTC,1.2,0.2519,0.24391477000000003,0.2519,0.005324702326402745,0.24391477000000003,0.26787046,3.17,6.34,0.241824,0.2568,0.2428,-65.4,-3.17,-6.54,-0.654
MOODENG_USDT-1789714800000,MOODENG_USDT,MOODENG,stopped,2026-09-18 08:02:31 UTC,2026-09-18 11:14:01 UTC,3.19,0.0429,0.04199481,0.0429,0.0006034368370713584,0.04199481,0.04471038,2.11,4.22,0.041184,0.04355,0.04191,-44.2,-2.11,-4.42,-0.442
FARTCOIN_USDT-1789718400000,FARTCOIN_USDT,FARTCOIN,stopped,2026-09-18 09:20:01 UTC,2026-09-18 11:14:01 UTC,1.9,0.1531,0.15023703,0.1531,0.0019041702393015423,0.15023703,0.15881063000000004,1.87,3.73,0.146976,0.15463,0.15006,-39.4,-1.87,-3.94,-0.394
VIRTUAL_USDT-1789718400000,VIRTUAL_USDT,VIRTUAL,stopped,2026-09-18 10:03:01 UTC,2026-09-18 11:14:01 UTC,1.18,0.647,0.6358716,0.647,0.0074138887412177005,0.6358716,0.6692568,1.72,3.44,0.62112,0.65,0.6355,-36.4,-1.72,-3.64,-0.364
FET_USDT-1789722000000,FET_USDT,FET,stopped,2026-09-18 10:01:29 UTC,2026-09-18 11:20:01 UTC,1.31,0.1874,0.18198414000000002,0.1874,0.003611911291645161,0.18198414000000002,0.19823172000000003,2.89,5.78,0.179904,0.1885,0.1819,-59.8,-2.89,-5.98,-0.598
HOME_USDT-1789653600000,HOME_USDT,HOME,target,2026-09-17 15:07:37 UTC,2026-09-18 12:05:01 UTC,20.96,0.00551,0.005681360999999999,0.00551,5.717155276942024e-05,0.005424044,0.005681360999999999,1.56,3.11,0.0052896,0.00569,0.00549,60.2,3.11,6.02,0.602
BNB_USDT-1789718400000,BNB_USDT,BNB,stopped,2026-09-18 09:07:29 UTC,2026-09-18 12:09:31 UTC,3.03,754.9,747.7284500000001,754.9,4.75773498897559,747.7284500000001,769.16761,0.95,1.89,724.704,755.6,747.45,-21,-0.95,-2.1,-0.21
ASTER_USDT-1789718400000,ASTER_USDT,ASTER,stopped,2026-09-18 10:20:31 UTC,2026-09-18 12:11:32 UTC,1.85,0.7571,0.74680344,0.7571,0.006840708069831201,0.74680344,0.77761741,1.36,2.71,0.726816,0.7594,0.7457,-29.2,-1.36,-2.92,-0.292
